video_id,comment_id,author,content,parent_comment_id,likes,created_time,collection_time,valid_from_time,valid_to_time
yytWGELNeOI,Ugx4XqQn7f98_HUu43x4AaABAg,@jocoding,"곧 2023년 버전의 강의 리뉴얼 예정
---
(업데이트)2022년 버전의 리뉴얼 강의가 업로드 되었습니다!
▶https://youtu.be/KL1MIuBfWe0

점프 투 파이썬과 함께하는 파이썬 라이브 강의 편집본 1강입니다.

라이브 풀버전은 아래 링크에 있습니다~!
1강 라이브 풀버전 : https://youtu.be/1M9EOxQIT7k

편집본 재생목록 : https://www.youtube.com/playlist?list=PLU9-uwewPMe2AX9o9hFgv-nRvOcBdzvP5
풀버전 재생목록 : https://www.youtube.com/playlist?list=PLU9-uwewPMe2L7dC2us_C3LLwDL9vHQIx

책 구매하기 : https://coupa.ng/bDJBfK
(위 링크는 쿠팡 파트너스와 연결된 링크로 구매에 따른 일정액의 수수료를 지급받을 수 있습니다.)
---
이 영상은 이지스퍼블리싱의 협찬을 받아 제작되었습니다.",,34,5년 전(수정됨),2025-11-26 17:44:08,2025-11-26 17:44:08,
yytWGELNeOI,Ugz0RRaEA5sibcieGmZ4AaABAg,@dindinsoc560,"정말 코딩 아무것도 몰라도 님에게 듣다보면 전문가가 되버리는 느낌,, 강의 정말 쉽게 전달해주시네요.. 파이썬도 여기서 마스터 해보즈아",,27,5년 전,2025-11-26 17:44:08,2025-11-26 17:44:08,
yytWGELNeOI,Ugx34x_XD50oEkyeDmd4AaABAg,@대왕토끼-v9i,15:30 우왓 정구기 ㅋ 매의눈으로 발견스... ㅋㅋ 코딩수업 잼있어요 이해가 쏙쏙,,7,4년 전,2025-11-26 17:44:08,2025-11-26 17:44:08,
yytWGELNeOI,UgwTsSl3kZ6aefCobdh4AaABAg,@홍준기-s7m,학교 수업때문에 코딩을 접하고있는데 솔직히 수업만 듣고는 따라가기 벅찬 부분이 없잖아 있었는데 덕분에 더 쉽게 접근할수 있을거같습니다. 감사합니다.  앞으로도 좋은영상 부탁드려요. 응원하겠습니다.,,10,4년 전,2025-11-26 17:44:08,2025-11-26 17:44:08,
yytWGELNeOI,UgzUieCqWtttDhlluDt4AaABAg,@kmtv6014,미루다가 오늘 다시 1강 봤어요. 강의 내용도 좋고 어려운 내용을 쉽게 잘 설명해주셨네요. 목소리가 명료해서 듣기 좋습니다. 퍼펙트!!!,,11,5년 전,2025-11-26 17:44:08,2025-11-26 17:44:08,
yytWGELNeOI,UgxBn0iZYNw4HDaTkh94AaABAg,@PIYU-s9b,직장을 잃고 빌빌거리는 와중에 웹 제작? 이런쪽에 흥미가 생겨서 영상 보면서 하나하나 따라하니 너무 재밌네요 설명도 깔끔하시고 구독과 좋아요 박고갑니다!,,4,5년 전,2025-11-26 17:44:08,2025-11-26 17:44:08,
yytWGELNeOI,UgxovMbd7qdVLG-PMEl4AaABAg,@Colinminjunsswishck,"덕분에 파이썬에 흥미를 가지게 되었습니다.
좋은, 유익한 강의 감사합니다.",,2,3년 전,2025-11-26 17:44:08,2025-11-26 17:44:08,
yytWGELNeOI,UgwOz3n5H69Uxegrnrx4AaABAg,@클라라주미강팬,7:08 두둥탁! 예측?!?! 토토간다,,5,4년 전,2025-11-26 17:44:08,2025-11-26 17:44:08,
yytWGELNeOI,Ugy-fJpVvuJYJovu6rh4AaABAg,@초록청금석,와...... 이렇게 고급진 강의를 무료로 들을수 있다니 너무 기쁘네요.,,4,3년 전,2025-11-26 17:44:08,2025-11-26 17:44:08,
yytWGELNeOI,Ugy4faiq_zxitrZOjm14AaABAg,@startcoding.official,"역시나 깔끔한 강의 조코딩님
강의 너무 잘 만드시네요
제 워너비 입니다😚",,2,4년 전,2025-11-26 17:44:08,2025-11-26 17:44:08,
yytWGELNeOI,Ugxw3R5TMQZUhtGFv2N4AaABAg,@연소희-x3t,"조코딩님 1년전 영상을 보고있지만
정말 하시는 말씀이 귀에 쏙쏙잘들어와요",,2,4년 전,2025-11-26 17:44:08,2025-11-26 17:44:08,
yytWGELNeOI,Ugw72dzmzeGuoREKh4Z4AaABAg,@CodingOn,좋은 영상 감사합니다!! 파이썬은 많은 예제를 풀어보는 게 중요한 거 같아요! 어떤 언어든 마찬가지이지만요ㅎㅎ 또! 최종적인 목표를 정하는 것도 좋은 것 같구요!,,4,4년 전,2025-11-26 17:44:08,2025-11-26 17:44:08,
yytWGELNeOI,Ugw-nHvjOjZGoBJqGOt4AaABAg,@알차형,조코딩님 매일 좋은 영상 많이 많이 올려 주셔서 감사합니다 😃😃😃😃😃😃😃😃😃😃😃,,4,5년 전,2025-11-26 17:44:08,2025-11-26 17:44:08,
yytWGELNeOI,UgwKxDL3g_6LXfTcmrV4AaABAg,@디지탈노마드-v7v,선생님 새해복 많이 받으십시요,,0,3년 전,2025-11-26 17:44:08,2025-11-26 17:44:08,
yytWGELNeOI,UgxfIBz9JQbz-SipFYR4AaABAg,@DavidKang-r5b,강의가 정말 알찹니다. 앞으로 잘 보도록 하겠습니다.,,2,5년 전,2025-11-26 17:44:08,2025-11-26 17:44:08,
yytWGELNeOI,UgwQedl6DTkBOf1epTl4AaABAg,@코딩하는모아이,와 너무 재밌어요 ....,,1,4년 전,2025-11-26 17:44:08,2025-11-26 17:44:08,
yytWGELNeOI,Ugz8A6vPQ0hgk-0A7JR4AaABAg,@freedamu,"오 드디어 편집본이 올라왔군여
2강 라이브로 듣다가 책 주문했는데 오늘 왔습니닷
빨리 일요일이 됐으면 좋겠네여",,3,5년 전(수정됨),2025-11-26 17:44:08,2025-11-26 17:44:08,
yytWGELNeOI,Ugz1xNhBLcC05b4Wfkt4AaABAg,@유명훈-l5q,"예전의 조코딩 동물상 관련 영상을 보고 따라 만들어 보기도 하고 했다가 .. 최근에 파이썬 공부가 필요해서 찾아 보고 되었습니다.
괜히 조코딩 조코딩 하는게 아니네요 영상 잘봤어요 쭉 스터디 해볼께요 좋은 영상 감사합니다.",,3,4년 전,2025-11-26 17:44:08,2025-11-26 17:44:08,
yytWGELNeOI,UgyRs02FFkMa0rfiuud4AaABAg,@18h에이틴,출석이요! 무료강의 퀄이 정말 레전드네요,,1,4년 전,2025-11-26 17:44:08,2025-11-26 17:44:08,
yytWGELNeOI,UgxM8e1_rSJlhSPwOER4AaABAg,@jololight8979,영상잘보고갑니다 파이썬 관심있는데 저같은 초보자가 입문하기에 이해도 잘되고 좋네요. 기초적인 부분이 중요하다 생각됬는데 좋은 영상 제공해주셔서 감사합니다.,,4,4년 전,2025-11-26 17:44:08,2025-11-26 17:44:08,
yytWGELNeOI,UgxOTaLQ0bKPZNuN0Zx4AaABAg,@leeminseok1,입문자에게 진짜 좋은 강의입니다ㅠㅠ 시간되면 라이브방송도 꼭 볼게요! 감사합니다~,,29,5년 전,2025-11-26 17:44:08,2025-11-26 17:44:08,
yytWGELNeOI,UgxCcQVpSSxLNJA_ekV4AaABAg,@장하늘-m7y,코딩 강의는 딱딱한경우가 많았는데 너무 편안해요!! 진짜 좋은 채널입니다,,10,4년 전,2025-11-26 17:44:08,2025-11-26 17:44:08,
yytWGELNeOI,UgxPlP2egYg87TAjQzd4AaABAg,@냥이-t2f,저도 이제 it  하는데 무서운 대학생 형들이랑 하는데 저만 모를까봐 걱정 됬는데 보니까 쉽기도하고 자신감이 생기네요 감사 합니다 ㅠㅠ,,1,3년 전,2025-11-26 17:44:08,2025-11-26 17:44:08,
yytWGELNeOI,Ugxci1o2afphFFCvN3l4AaABAg,@soonmoo,"파이썬의 유래까지...ㄷ
무료 설명 너무 감사합니다!",,15,5년 전,2025-11-26 17:44:08,2025-11-26 17:44:08,
yytWGELNeOI,UgzN5Kh1MGDredC66r94AaABAg,@리-g9c,압도적 감사...,,1,3년 전,2025-11-26 17:44:08,2025-11-26 17:44:08,
yytWGELNeOI,Ugw9-NbGLbXU31DNXJV4AaABAg,@yul_log,내일부터 퇴근 후 파이썬 공부시작해야겠어요 :) 아직 뭔지 정확히 이해하지 못했지만 잘 따라가보겠습니다 ! 좋은영상감사해요 ☺☺,,4,5년 전,2025-11-26 17:44:08,2025-11-26 17:44:08,
yytWGELNeOI,Ugwl2jhYzGUeOL1CuOp4AaABAg,@TV-so7ol,라이브 버전 잘 보고 있습니다. ^^ 책 구매했고 열심히 따라 배우겠습니다. 너무 감사합니다.,,3,5년 전,2025-11-26 17:44:08,2025-11-26 17:44:08,
yytWGELNeOI,UgxbOO4koD888pRhbZh4AaABAg,@gusdk6196,조코딩님 덕분에 파이썬 공부 시작했습니다  교재만 구입하고 JAVA 전공만 복습하고 있었는데 이해가 쏙쏙 되고 너무 재밌어요 :),,4,5년 전,2025-11-26 17:44:08,2025-11-26 17:44:08,
yytWGELNeOI,UgxujNIo9cJT7nWSzvB4AaABAg,@gohomefire,잘 배우고 갑니다. 멋진 강의 감사합니다 ^^,,2,4년 전,2025-11-26 17:44:08,2025-11-26 17:44:08,
yytWGELNeOI,UgwfzDA65QRDz14mqLx4AaABAg,@도토리-x2g,비싼 돈내고 듣는 기초 파이썬 강의보다 훨신 유익하고 좋네요  응원할게요,,3,5년 전,2025-11-26 17:44:08,2025-11-26 17:44:08,
yytWGELNeOI,UgxHitFfxvCFctX-p5t4AaABAg,@rmteltmtmnc,19:09 시간 없으신 분들을 위한 요약,,9,4년 전,2025-11-26 17:44:08,2025-11-26 17:44:08,
yytWGELNeOI,UgyeJsauq5DJOiFX_vN4AaABAg,@목소리로밑줄긋는여자,"파이썬 배워보려고 필요성부터 차근차근 듣고 있습니다. 
좋은 강의 감사합니다",,1,5년 전,2025-11-26 17:44:08,2025-11-26 17:44:08,
yytWGELNeOI,Ugy-sf29AG6CefaIMdx4AaABAg,@010-q3k,감사합니다. 정말감사합니다 구독 누르고 갑니다 ㅠㅠ ㅋㅋㅋㅋ,,2,4년 전,2025-11-26 17:44:08,2025-11-26 17:44:08,
yytWGELNeOI,UgwPqh02-hZDtxvIsrB4AaABAg,@민스스-e9s,쉽고 재밌어요ㅎㅎ 좋은 강의 감사합니다~,,2,5년 전,2025-11-26 17:44:08,2025-11-26 17:44:08,
yytWGELNeOI,UgxT3JhXicGApB_Mg0F4AaABAg,@hyeonokyoo1322,친절한 강의 고맙습니다!,,1,4년 전,2025-11-26 17:44:08,2025-11-26 17:44:08,
yytWGELNeOI,UgzPus4WLc1W_0Cn1A54AaABAg,@kimjin9349,"원래는 조코딩님 꺼 보고 했었는데,, 조금 용기내서 패캠들으러 갔다가 우울해져서 조코딩느님한테 오니깐 이제야 행복해지네요ㅠㅠㅠ ,,,, 조코딩느님 화이팅 코로나 조심하세요 ~",,13,5년 전,2025-11-26 17:44:08,2025-11-26 17:44:08,
yytWGELNeOI,UgxfaFTlcV2hNnUNj8l4AaABAg,@한재윤-x9f,조코딩님 감사합니다.,,2,5년 전,2025-11-26 17:44:08,2025-11-26 17:44:08,
yytWGELNeOI,UgyRb4p4cmXKbIQVJKN4AaABAg,@black_hole2024,좋은 자료 감사합니다.,,1,5년 전,2025-11-26 17:44:08,2025-11-26 17:44:08,
yytWGELNeOI,UgzRjGVfUoztja9tEfJ4AaABAg,@정주현-f4m,프로그래밍 1도 모르는 입문자인데 이렇게 파이썬을 쉽게 따라하게 해주셔서 너무 감사드려요 ㅠㅠㅠㅠ 심지어 무료라니 ㅠㅠ 열심히 배우겠습니다!!,,12,5년 전,2025-11-26 17:44:08,2025-11-26 17:44:08,
yytWGELNeOI,UgxoVPkUhHqOpjz5zex4AaABAg,@taejeongjang9089,좋은 강의 넘 감사합니다. 이해가기 쉬워서 초보자가 듣기에 부담이 없어요,,0,4년 전,2025-11-26 17:44:08,2025-11-26 17:44:08,
yytWGELNeOI,UgxoqlFwKzhk9wYjtkB4AaABAg,@꿀피부-d6v,감사합니다. 코알못 덕분에 코딩 입문해봅니다!!!,,1,4년 전,2025-11-26 17:44:08,2025-11-26 17:44:08,
yytWGELNeOI,Ugyji5A9NvwxrNCkxaV4AaABAg,@byuv_,초6인데 너무 쉽게 이해됩니다!,,1,4년 전,2025-11-26 17:44:08,2025-11-26 17:44:08,
yytWGELNeOI,UgyEGUkbgo74dCArRuN4AaABAg,@ytgift,제 진로가 빅데이터 쪽인데 코딩언어에 대한 이해가 거의 없었는데 유익한 영상 감사합니다! 덕분에 많은 도움이 되었습니다 ㅎㅎ,,5,5년 전,2025-11-26 17:44:08,2025-11-26 17:44:08,
yytWGELNeOI,UgwIVJmzPQ0hfjsVhA94AaABAg,@Ben-ec9qc,17:53 역시 조코딩님도 자본주의에는 약했다 ㅋㅋㅋㅋㅋ,,15,4년 전,2025-11-26 17:44:08,2025-11-26 17:44:08,
yytWGELNeOI,Ugzq0MbQkILgMvWjInl4AaABAg,@pingpongking,"파이썬 쉽고 좋네요
구독했습니다.",,1,5년 전,2025-11-26 17:44:08,2025-11-26 17:44:08,
yytWGELNeOI,UgzJaCORVdcsDLpkfOF4AaABAg,@노탁구,"뭐 어쩌다 알고리즘 타고 들어왔는데
왜 재미있냐.. 나 이런거 좋아히나",,0,2개월 전,2025-11-26 17:44:08,2025-11-26 17:44:08,
yytWGELNeOI,UgwG6Tcjl2BNHEkoRlt4AaABAg,@Starlords.,30대 중반ㅠ ㅠ을 지나고 있는 직장인 눈 높이에 딱 맞는 교육 감사합니다.,,7,5년 전,2025-11-26 17:44:08,2025-11-26 17:44:08,
yytWGELNeOI,UgyJyV9UEABk8yufWzB4AaABAg,@inoel0713,"대학에서 컴공을 전공하다가 수학 전공으로 도망쳤는데 다시 프로그래밍에 관심이 생겨서 쉬운 것부터 다시 공부해보려고 합니다
좋은 강의 감사합니다^^",,9,5년 전,2025-11-26 17:44:08,2025-11-26 17:44:08,
yytWGELNeOI,UgwqDOjs2mteLxDp7vB4AaABAg,@mjyu4449,대박! 너무 재밌고 유익해요,,1,4년 전,2025-11-26 17:44:08,2025-11-26 17:44:08,
yytWGELNeOI,UgzCI6X419gD8qzs_M94AaABAg,@hyongc5,"입문하여 배우려합니다. 
다른 강의를 먼저 듣다보니 기초를 배워야 되겠다는 생각이 들어서 시작합니다.",,1,5년 전(수정됨),2025-11-26 17:44:08,2025-11-26 17:44:08,
yytWGELNeOI,Ugw127COL1w9wEN6R294AaABAg,@dongyeonlee336,감사합니다~,,0,3년 전,2025-11-26 17:44:08,2025-11-26 17:44:08,
yytWGELNeOI,UgwKH5hsjE8hjG2OYRJ4AaABAg,@333nayul5,감사합니다 파이썬에대해 쉽게 알수 잇엇어요,,2,5년 전,2025-11-26 17:44:08,2025-11-26 17:44:08,
yytWGELNeOI,UgwLEhjabQ_evz9F1bB4AaABAg,@danny3380,잘 보고 갑니다.!!! 너무 강의를 잘하시네요,,1,4년 전,2025-11-26 17:44:08,2025-11-26 17:44:08,
yytWGELNeOI,Ugw916UV1Dewmb_bjmN4AaABAg,@음악유튜버K,새로 파이썬 배워 코딩 시작하고 있는 초보입니다. 참 좋은 강의 감사합니다!,,6,5년 전,2025-11-26 17:44:08,2025-11-26 17:44:08,
yytWGELNeOI,Ugyd6TqSs0R9rsChz2d4AaABAg,@WW-xd9jo,인코딩에 관심이 많이생겨서 안하던 영어 공부를 많이해야겠다고 생각이 나네요 ㅎㅎ,,1,4년 전,2025-11-26 17:44:08,2025-11-26 17:44:08,
yytWGELNeOI,UgwlLLV5Yxhlzra5eYh4AaABAg,@bmbeetle,왕초보인데 쉽고 이해가 잘되어서 너무 편하게 시청했습니다. 계속해서 볼께요,,6,5년 전,2025-11-26 17:44:08,2025-11-26 17:44:08,
yytWGELNeOI,Ugz4w9ag0oaAfQoDhiF4AaABAg,@obo20_,"영상 시청 전에 쓰는 댓입니다 ㅎㅎ
학교 소프트웨어 온라인강의에서  맛보기로 파이썬 강의 잠깐 들었었는데 혼자 나가는 강의여서 하다 던졌습니다만.. 조코딩님 믿고 파이썬 강의 가벼운 마음(?)으로 수강하겠습니다! 감사합니다~ 저번 라이브 참여하고 싶었는데 셤기간이었어서ㅜㅜㅜ
담 강의엔 보러 가겠습니다!",,1,5년 전(수정됨),2025-11-26 17:44:08,2025-11-26 17:44:08,
yytWGELNeOI,UgwyQTaStCdqe4Va6Vh4AaABAg,@sangmoonkim5491,와우 멋지십니다,,1,5년 전,2025-11-26 17:44:08,2025-11-26 17:44:08,
yytWGELNeOI,UgxVkUAbJjHJrjMbS8h4AaABAg,@조혜정-u4g,좋은정보 감사합니다~~^^,,1,5년 전,2025-11-26 17:44:08,2025-11-26 17:44:08,
yytWGELNeOI,Ugz2E6kTGUvSxBDHWZ94AaABAg,@Yogajina,와 삶의 효율이 올라갈거같네요🎉,,0,1년 전,2025-11-26 17:44:08,2025-11-26 17:44:08,
yytWGELNeOI,UgyD6pfryBjOVPEJ6bt4AaABAg,@규래9087,terminal이 cmd가 아니라 powershell로 작동되어서 곤란해서 여쭤볼려고 했는데 영상에서 언급하신 것처럼 구글에 다 나오네요;;; 게속 설치만 하고 미루고 있었는데 시험 끝났으니 도전해봐야겠네요!,,1,4년 전(수정됨),2025-11-26 17:44:08,2025-11-26 17:44:08,
yytWGELNeOI,UgyQWsS7pgZih9VHlqN4AaABAg,@JamesSKim,파이썬이 취미로 만들어졌다니 놀랍네요. 그리고 구글의 50% 소프트웨어가 파이썬으로 만들어진다니 놀랍네요.,,1,3년 전,2025-11-26 17:44:08,2025-11-26 17:44:08,
yytWGELNeOI,UgyQVfI6nhLLFtjdiRF4AaABAg,@Jenny-Jenna_space,설명을 참 잘하시네요^^ 감사요~,,1,5년 전,2025-11-26 17:44:08,2025-11-26 17:44:08,
yytWGELNeOI,UgwKm0EXlHr0VMzraOR4AaABAg,@빵빵빵,파이썬을 이렇게 잘가르쳐 주시는분 처음이에요~^^,,1,5년 전,2025-11-26 17:44:08,2025-11-26 17:44:08,
yytWGELNeOI,UgzdRMf9H__OqhIM9794AaABAg,@Coding_Teacher,안녕하세요 파이썬 코딩에 대해 소개받고 공부한지 1년이 넘었네요 특히 티처블 머신활용이나 간단한 홈페이지만들기에 대해 큰 도움이되었습니다..!!!항상 건승하셔요~,,1,5년 전,2025-11-26 17:44:08,2025-11-26 17:44:08,
yytWGELNeOI,UgyDztvz-5aKOJvjd9F4AaABAg,@정호원-f5n,파이선 처음 입문하는 사람인데 쉽게 이해되게 설명해주셔서 감사합니다ㅎㅎ 이후 강의들도 잘 들어보겠습니다~,,1,4년 전,2025-11-26 17:44:08,2025-11-26 17:44:08,
yytWGELNeOI,UgwYBjz3613zJf9Z-aB4AaABAg,@clairejeongahlee2656,좋은 영상 감사합니다~~  이해하기 쉽게 잘 설명해주셔서 너무 좋은 컨텐츠네요~~ 감사합니다,,0,3년 전,2025-11-26 17:44:08,2025-11-26 17:44:08,
yytWGELNeOI,Ugz4ldLWnp-XGtMXXYd4AaABAg,@dragonfakerr,"새해 복 많이받으세요. 조코딩님 새해 결심으로 코딩을 배우려다가 조코딩님을 알게 되었습니다. 
아. 조코딩님 이거 하려면 수학도 공부해야하나요? 문과 수학바보거든여.ㅋ
암튼 열심히 따라해보겠습니다. 감사합니다.",,1,3년 전,2025-11-26 17:44:08,2025-11-26 17:44:08,
yytWGELNeOI,UgwxyYhp56XMupxMufZ4AaABAg,@정소영-f2y2p,"ㅠㅠ 저도 파이선 시작해보려고요!!!!!!!! 강의 너무 감사합니다
너무너무 재밌써요 ㅎㅎ (첫 강의라서 그런가...ㅎㅎ헤)",,1,4년 전,2025-11-26 17:44:08,2025-11-26 17:44:08,
yytWGELNeOI,UgwtusdyO-HK86EcNgx4AaABAg,@wpftv,"영상을 보니 파이썬에 대해 궁금해 지네요.
다른 분야도 그렇지만 배울게 너무 많네요.",,1,5년 전,2025-11-26 17:44:08,2025-11-26 17:44:08,
yytWGELNeOI,UgxICXe-eXLSQ2u2_WB4AaABAg,@임정웅-j9f,형님 한번 잘 배워보겠습니다^^,,0,4년 전,2025-11-26 17:44:08,2025-11-26 17:44:08,
yytWGELNeOI,UgxC2AAws-8oge7dZ_J4AaABAg,@이지안-l6t1i,처음이라 걱정했는데 근무 중 짬날 때 예습하고 퇴근 후 공부하니까 너무 도움됩니다 😘😘,,0,4년 전,2025-11-26 17:44:08,2025-11-26 17:44:08,
yytWGELNeOI,UgzKZu6480iywDq4hQ14AaABAg,@llIlIllllll,강의 잘봤어요,,1,4년 전,2025-11-26 17:44:08,2025-11-26 17:44:08,
yytWGELNeOI,Ugzk6R1GqRUKRQlvW6l4AaABAg,@rabbitqueen,형님(맞으시겠져) 영상너무재미있어서 시간가는줄도 모르고 봤습니다 감사합니다-,,1,4년 전,2025-11-26 17:44:08,2025-11-26 17:44:08,
yytWGELNeOI,UgxJkKW_KNT_fGTrgY14AaABAg,@meywu,귀두 반 선생님 고마워요,,2,5년 전,2025-11-26 17:44:08,2025-11-26 17:44:08,
yytWGELNeOI,Ugzs2lNsUSTlHWq1NXx4AaABAg,@doramiiikim,열심히 배우겠습니다!,,0,5년 전,2025-11-26 17:44:08,2025-11-26 17:44:08,
yytWGELNeOI,Ugxw8B87v26jRsLwTr94AaABAg,@tspark1071,Thanks,,1,4년 전,2025-11-26 17:44:08,2025-11-26 17:44:08,
yytWGELNeOI,UgyqPtREN88ouaGv9TF4AaABAg,@더불어만진당,잘배우고 갑니다 사랑합니다,,2,5년 전,2025-11-26 17:44:08,2025-11-26 17:44:08,
yytWGELNeOI,UgwYe9-PwwvxDK5-uyd4AaABAg,@booung1308,"초 6학년인데 파이썬 처음으로 배우려고 강의 들어봤습니다. 쉽게 설명해주셔서 좋네요.
아주아주 쉬운 파이썬 입문 교재 추천해주실거 있을까요? 
천천히 따래해보고 싶어서요.",,2,4년 전,2025-11-26 17:44:08,2025-11-26 17:44:08,
yytWGELNeOI,UgxZxjL1LYYrMAVcNyV4AaABAg,@ygun0203,"아.. 이런거 예전에 컴퓨터 학원가면 며칠동안 가르치던.. 대학강의도 마찬가지.. 파이썬 이름 유래 하나 가지고도 한시간 강의했을거야...
 조코딩님 감사합니다. 나이들어 프로그래밍을 조금 배워보고 싶어서 입문하려는데...",,1,4년 전,2025-11-26 17:44:08,2025-11-26 17:44:08,
yytWGELNeOI,UgzTGbmMClwaJceIOmx4AaABAg,@Gimjaban-j2r,"올해 알게된 유튜버라 정말 아쉽습니다
진짜 원래 알고 있었더라면 더 좋았을 텐데 그래도
영상보면서 파이썬 공부하고 있어요 의외로 관심이 있어서요.
그래고 코딩수업 진짜 재미있네요 ㅎㅅㅎ",,1,4년 전,2025-11-26 17:44:08,2025-11-26 17:44:08,
yytWGELNeOI,Ugyb-i33oXj4dcbag5t4AaABAg,@성원-z4c,"넥슨 대회 나가려고 막 시작한 사람이에용
책 보고 공부했는데 다른데가 다 버전이 달라서 머리아팠는데 여기서 정착하면 좋을 것 같네요!!",,2,5년 전,2025-11-26 17:44:08,2025-11-26 17:44:08,
yytWGELNeOI,UgxJc-okL_FJNMtrT2B4AaABAg,@이태승-i4w,좋은 내용에 감사합니다. 20210216.,,3,4년 전,2025-11-26 17:44:08,2025-11-26 17:44:08,
yytWGELNeOI,UgyIKBDSrC_NBqGt-w54AaABAg,@number_284,"이 댓글을 보실지는 모르겠지만 화이트해커를 꿈꾸는 중3입니다.
막상 화이트해커라는 꿈을 품어보니 어떻게 해야할 줄 몰라서 파이썬과 프로그래밍을 먼저 배우려 했는데 이영상을 접하게 되었네요.!!
항상 영상 보면서 실력을 늘리겠습니다!!..,^-^,",,1,4년 전,2025-11-26 17:44:08,2025-11-26 17:44:08,
yytWGELNeOI,UgwDzTm1AMlvcUliLDN4AaABAg,@LOL-dr1jv,자바 배우려다 너무 어려워서 포기했는데 이건 쉬울것 같네요ㅕ,,1,3년 전,2025-11-26 17:44:08,2025-11-26 17:44:08,
yytWGELNeOI,UgynKyTC1ls_bV5udSJ4AaABAg,@bluecloud_photo,"2강부터 했었는데, 책구해서 1강 봐야겠네요.ㅎ",,1,5년 전,2025-11-26 17:44:08,2025-11-26 17:44:08,
yytWGELNeOI,UgycYEXDqT7p-sdXFLx4AaABAg,@sookie0220,"다운로드 하는법 정리
1.python이라고 친다
2.다운로드 아이콘에 들어가서 자신이 원하는 버전을 눌러준다
3.다운한다.
4.설치파일로 들어가서 밑에뜨는 체크박스를 눌러준다.(난 모르고 안눌렀다..그럼 어케 되는걸까...)
5.그리고 install now를 누른다.
6.기다린다.
7.끝!!!",,4,4년 전,2025-11-26 17:44:08,2025-11-26 17:44:08,
yytWGELNeOI,UgxHMt5fvpOgCYdEhp54AaABAg,@엘지맨-d8l,"공대졸업한지 25년이 지났습니다. 남은 직장생활과 은퇴후에도 도움이 될까해서 50이 넘어서 파이선을 배워 코딩을 해보려고 합니다.
회사온라인교육을 받아보았는데 너무 이론적이고 진도가 잘안나가서 1차포기. 마지막으로 될른지 모르겠지만 일단 조코딩님만 믿고 정주행...",,2,4년 전(수정됨),2025-11-26 17:44:08,2025-11-26 17:44:08,
yytWGELNeOI,UgymzZVydXh5hTLEhQ14AaABAg,@lintonsha,"조코딩님  영어 잘 하셔서 너무 부럽습니다,,,,",,2,4년 전,2025-11-26 17:44:08,2025-11-26 17:44:08,
yytWGELNeOI,UgxChAwpZj8kGTdROgl4AaABAg,@011ehdgo,점프 투 파이썬 책 사고 안보고 있었는데 마침 이런 좋은 강의가 있었군요.. 열심히 쫓아가 보겠습니다 ㅎㅎ 그런데 혹시 편집본 말고 풀영상도 올릴 생각이 있으신지 궁금합니다.,,1,5년 전(수정됨),2025-11-26 17:44:08,2025-11-26 17:44:08,
yytWGELNeOI,UgwFAVaXcbz7QClFtaR4AaABAg,@외미남의자기계발채널,"지인의 추천으로 파이썬을 공부하기 시작했습니다, 처음에는 다른 유튜버분 영상으로 시작했는데 이제 조코딩님 영상도 같이 보겠습니다, 강의를 올리신지 두 달 밖에 안 됐군요, 앞으로 파이썬을 배우는 사람이 많아지면서 이 영상은 앞으로 조회수가 엄청 더 많아질 거예요 좋은 영상 감사합니다, 그런데 라이브강의를 편집하는 것도 설마 직접하시나요? 편집 시간 엄청 걸릴텐데",,1,5년 전,2025-11-26 17:44:08,2025-11-26 17:44:08,
yytWGELNeOI,UgxqvqQkb1IDfO3DlNx4AaABAg,@seongminkwon1530,21년 맞이해서 마지막 20대 코딩공부로 시작해서 마무리 하려고 들어왔습니다. 최선을 다해서 탈반합니다 ㅠㅠㅠ 잘부탁드립니다~!,,4,4년 전,2025-11-26 17:44:08,2025-11-26 17:44:08,
yytWGELNeOI,UgxIdvtrHlOXV2EMnbN4AaABAg,@갈리레요,"외식쪽에서 5년정도 종사하다가 코딩쪽에 입문하게되었습니다.현재 5월 27일부터 JAVA활용한 RPA빅데이터라는 국가에서 6개월 교육과정을 받고 있습니다.
제가 이 길을 선택하기전 웹개발자, 고객센터, 상담직 등 여러 직업을 알아보고 현직자 찾아가보고 하면서 정말 싶지않은 고민으로 선택하게 되었습니다.
그 계기가 된것이 차분함과 강한맨탈, 사회생활 능력입니다. 제가 너무 말이 길엇네요. ㅜㅜ 죄송합니다. 본론으로 들어가져면요.
6개월 교육과정중 현재 3분의 1정도 왔습니다. 현재 시점에서 제가 할 수 있는 부분은...(자바 프로그래밍입문라는 책 참고)




1. 이클립스 활용(전체는 아니지만, 70%)
2. 로직이 한 100줄정도 되는 3개 클래스가 있는 프로젝가 있다면 거기에 나온 로직은 한 이해가 갑니다.
(이 메소드가 어떤 역할을 하고 상속이 되고 오바라이딩 되고 등을 이해를 한다는 소리입니다. 그게 약 75%정도요.)
3. 로직은 이해가 되고 구성되는지 알겠는데요. 막상하려니 멍~~해집니다.(이말이 무엇이냐!? 외국어 중에 영어가 있습니다. 영어단어와 문법을 배워놓고 막상 외국인을 만나면...어버버거리고 대화가
안된다는 말입니다.)


전 자신감과 열정 그리고 목표가 있습니다. 처음에 열정과 자신감이 없었다면, 로직이 왜!? 형성이 되고 상속, 오바로딩, 배열, 추상클래스, 생성자등 왜!? 필요한지 몰랐을겁니다.
하지만 현재 고민인 것이 위의 영어(코딩을 하루에 8시간동안 듣고 20번 반복하고 집에와서 작성하면서 복습하면서)를 열심히하면서도 실제로는 대화가 안되는 형식입니다. ㅜㅜ
선배님도 그러셨나요?",,3,5년 전,2025-11-26 17:44:08,2025-11-26 17:44:08,
yytWGELNeOI,UgwbCfg3FPfzBLGlIGV4AaABAg,@정한이-l1c,C강의 찍으시고 Phython과 C같이 사용하는 강의도 찍어주시면 좋을것같아요!,,3,4년 전,2025-11-26 17:44:08,2025-11-26 17:44:08,
yytWGELNeOI,UgxxZMcLeT_wKpUjbR14AaABAg,@Hyunilkim7,"1998년도에 처음 접했을때는 개발관련 프로그램이 없어서 에디터랑 실행창을 띄워 넣고 개발했었는데 세월이 지나고나니 발전을 하긴 하네요.
요즘 아이들에게는 너무 많은 기회가 있네요.
나라도 안정적이니 마음편하게 다시시작해볼까나??",,4,5년 전,2025-11-26 17:44:08,2025-11-26 17:44:08,
yytWGELNeOI,Ugzn739NloWOwRKFyKN4AaABAg,@yagu-day,와 좋은내용 감사합니다 !! 컴공 입학하기 전에 보는데 유익하네용,,1,4년 전,2025-11-26 17:44:08,2025-11-26 17:44:08,
yytWGELNeOI,UgwuotIcjKXxjGlGHXJ4AaABAg,@시냅스-b1y,이번에는 잘 들을수있을까... 오늘부터 도전해봅니다,,0,4년 전,2025-11-26 17:44:08,2025-11-26 17:44:08,
yytWGELNeOI,UgzCH9frUGMjCgzf7Xp4AaABAg,@dhj5210,강의 정말 감사드립니다!! 혹시 주변에 python에 대해 설명할때 작성하신 ppt내용을 사용해도 될까요?,,1,4년 전,2025-11-26 17:44:08,2025-11-26 17:44:08,
yytWGELNeOI,Ugz8Y6ZE16PiJ9ZtOFZ4AaABAg,@TV-eu4pv,조코딩님 코딩 너무 어려운거 같아요ㅠ 아무래도 개발자가 꿈인데 어느 정도는 해야 수입이 많은 개발자가 될 수 있을까요? 대략 어느정도 배워야...ㅠ 혼자 독학하고 있습니다!,,8,5년 전,2025-11-26 17:44:08,2025-11-26 17:44:08,
yytWGELNeOI,UgzT20YDi8r4lEPHJC54AaABAg,@Yojuliehcf,아직 어리지만 잘배우고갑니당 ㅎㅎ,,1,4년 전,2025-11-26 17:44:08,2025-11-26 17:44:08,
yytWGELNeOI,UgyQq6vZEocy5FIAgdR4AaABAg,@holiccoffee1454,감사합니다. ㅠㅠ,,1,5년 전,2025-11-26 17:44:08,2025-11-26 17:44:08,
yytWGELNeOI,Ugw2OU8p1Kx7Y-3HFb14AaABAg,@유니콘75,한글 보다는 영어가 나을듯요. .  영어로 연습하면 영어도 많이 알게 될듯. . 시간지나면 익숙해질듯요. . .,,0,2년 전,2025-11-26 17:44:08,2025-11-26 17:44:08,
yytWGELNeOI,UgzjKW_qnWtcj3_vsrZ4AaABAg,@아자차카-t1o,무료로 이런 훌륭한.. 영상을 만들어주셔서 감사합니다,,1,3년 전,2025-11-26 17:44:08,2025-11-26 17:44:08,
yytWGELNeOI,Ugxfh92iW7x5C_lMZWF4AaABAg,@kimmans,"파이썬에 관심있는 학생들에게 대면으로 수업을 하고, 온라인 거꾸로학습 자료로 조코딩님 자료를 사용중입니다. 저희 아이 중에 소리를 듣지 못하는 아이가 있는데, 자막과 확대, 각종 포인트들을 이용해서 중요 부분을 체크해주셔서 아이가 소리없이도 파이썬을 설치하고 비쥬얼 스튜디오를 설치할 수 있었습니다. 저도 감사하고, 아이도 감사한 마음을 갖고 있는 것 같습니다. 고맙습니다.",,1,4년 전,2025-11-26 17:44:08,2025-11-26 17:44:08,
yytWGELNeOI,UgzpALI7D06peIUWhRF4AaABAg,@도로시-r2l,설명을 넘 잘해주시는데 볼수록 겁나서 못하겠음 ㅋㅋ,,1,4년 전,2025-11-26 17:44:08,2025-11-26 17:44:08,
yytWGELNeOI,UgwRE6J5Ny_Ks0yZHJx4AaABAg,@OfficialK.O,"조코딩님 너무너무 쉽게 설명해주시고 영상 잘보고있습니다 ☺️
한가지 질문이 있는데요,  맥북에서는 pylint install 할려구 검색했더니 ""확장을 찾을 수 없습니다."" 라고 나오는데 괜시레 찝찝해서요 ㅎㅎ
상관없을까요?",,0,4년 전,2025-11-26 17:44:08,2025-11-26 17:44:08,
yytWGELNeOI,Ugz5IYdi7YUhjRpEOmR4AaABAg,@burger_prince,마케팅직무인데 파이썬을 하는사람 위주로 채용시장이 바뀌더라거요 ㅜㅜ 조코딩님꺼 처음보는데 자주봐야겟네요 ㅠ,,2,4년 전,2025-11-26 17:44:08,2025-11-26 17:44:08,
yytWGELNeOI,Ugy6hdRfAxMirkbzlyx4AaABAg,@초코우유-w3e,목소리도 너무좋고 이해도잘되네요 구독합니당,,1,4년 전,2025-11-26 17:44:08,2025-11-26 17:44:08,
yytWGELNeOI,Ugw044vfMOGM3tx4jnV4AaABAg,@박정우-u1v6p,"sef 강연 잘봤습니다!
(구독자)",,1,5년 전,2025-11-26 17:44:08,2025-11-26 17:44:08,
yytWGELNeOI,UgzMFO3qVASZhmFDyLt4AaABAg,@astro4261,조코딩님 혹시 클래스101에서 파이썬 강의해주실 의향은 없으신가요...?,,1,3년 전,2025-11-26 17:44:08,2025-11-26 17:44:08,
yytWGELNeOI,UgwFr-yxfvpl--CBVvt4AaABAg,@바람아00멈추어다오,님 종은 내용 감사합니다.,,1,3년 전,2025-11-26 17:44:08,2025-11-26 17:44:08,
yytWGELNeOI,UgwT9MyMIlYsxlDuoEN4AaABAg,@astro4261,제 대학교 교수님 강의가 너무 걸레여서 여기로 도망쳤는데 숨이 좀 트이는 기분입니다...,,90,5년 전,2025-11-26 17:44:08,2025-11-26 17:44:08,
yytWGELNeOI,Ugy5l7DOF_SiTE9cR0V4AaABAg,@iiiiiiiiiiilllliiiil,그저 빛,,0,2년 전,2025-11-26 17:44:08,2025-11-26 17:44:08,
yytWGELNeOI,Ugy2E1AzoIdhPTYkZSx4AaABAg,@kiburmsong2596,"안녕하세요. 조코딩님. 쉬운 설명에 강의 잘 보고 있습니다. 복습하면서 보려고 하는데, 강의ppt 공유가 혹시 가능하실까요?",,1,4년 전,2025-11-26 17:44:08,2025-11-26 17:44:08,
yytWGELNeOI,UgzArNK48ncz2HBOP2d4AaABAg,@adddww-y8w,조코딩님 프로그래밍 하는 프로그램 추천이나 소개 영상 만들어주시면 안되나요?,,0,4년 전,2025-11-26 17:44:08,2025-11-26 17:44:08,
yytWGELNeOI,UgyofeyYOpR3UqjnExd4AaABAg,@subbaman1,감사합니다. 잘 봤습니다.,,1,5년 전,2025-11-26 17:44:08,2025-11-26 17:44:08,
yytWGELNeOI,UgwHnCH91lodYTpLNoV4AaABAg,@ggk9283,"감사합니다~
파이썬 엄두가 안났는데 용기를 주시네요ㅋㅋ",,1,5년 전,2025-11-26 17:44:08,2025-11-26 17:44:08,
yytWGELNeOI,Ugw5xKDFaghr_OiUE2d4AaABAg,@아트사커-j9k,졸업하고 c#만 써왔는데 c/c++과 파이썬도 다시 공부해야겠어요 ㅎㅎ 좋은 정보 감사해요 ^^,,1,4년 전,2025-11-26 17:44:08,2025-11-26 17:44:08,
yytWGELNeOI,Ugx05s2IJoYMMvdt8ER4AaABAg,@hunkim3341,"안녕하세요 유튜브 강의 잘 들었습니다 !!
1강에서 pylint를 받으라고 했는데 이게 검색이 안되어서요.. 다른 방법으로는 어떻게 받을 수 있는지 궁금합니다
그리고, 파이썬을 이용해서 나중에 어렵지 않은 수준의 외주 서비스 제공을 목표로 하고 있는데 이 강의를 들은 이후 어떤 방향으로 역량을 갖추어나가면 될지 궁금합니다 ㅎㅎ",,1,3년 전,2025-11-26 17:44:08,2025-11-26 17:44:08,
yytWGELNeOI,Ugwr7xuLOm572rrPLgF4AaABAg,@한재희-g6k,"너무 감사합니다. 좋은 영상으로 저같은 초보자에게도 충분히 이해가 되네요. 늦은 나이에 시작하게 되었고, 현직에서 뛰고 있는 동생이 알려주어서 좋은 영상을 보게 되고 공부하게 되었습니다. 댓글을 다는 기준일로 다운로드가 3.10.0버전인데 IDLE에 RUN이 없어서 실행해보지 못했고.. 또하나는 똑같이 C드라이브에 Jcoding 폴더를 만들고 조코딩님과 같은 hello.py로 저장해두었는데 cmd에서 실행이 안되네요.. 혹시 알 수 있을까 해서 댓글 남깁니다. 좋은 영상 다시 한번 감사드리며 추워지는 날씨에 몸조심하시길 바랍니다. 감사합니다 :)
영상을 끝까지 보면서 vscode까지 설치 후 hello2까지 따라갔는데 여기서도 cmd같은 vscode안에 있는 cmd?를 실행했는데 SyntaxError: invalid syntax. Perhaps you forgot a comma?
라고 뜨면서 안되네요... 초반이라 쉽게 생각 했는데 초반부터 막히네요.. 
영상 너무 감사합니다 :)",,1,4년 전(수정됨),2025-11-26 17:44:08,2025-11-26 17:44:08,
yytWGELNeOI,UgycbStqW8v-ytpgHNV4AaABAg,@05년에태어난사람의공,"안녕하세요! 제가 만들고싶은 프로그램이 있는데 여러개의 문제사진을 데이터로 사용하며 촬영했을 시 문자인식 ocr을 기반으로 키워드를 추출해서 
If 이 키워드가 보이면
Print 그 문제에 해당하는 사진
이런 형식으로 파이썬 코딩을 진행하는데에 어려움이 있을까요...?
코딩쪽으로 초보라 여쭤봅니다....!",,1,3년 전,2025-11-26 17:44:08,2025-11-26 17:44:08,
yytWGELNeOI,UgzObDtRyHbhS-KeXRp4AaABAg,@최석호-j8j,"안녕하세요 18:18초까지 잘 따라오고있던중에. 
PS C:\coding> python hello.py
Python

식으로 출력이 됩니다. 저도 gginmin으로 출력을 했는데 말이에요 ㅠㅠ 
이런 워닝 문구가 나왔는데 해결방법을 모르겠습니다. 
WARNING: You are using pip version 20.2.3; however, version 20.3.1 is available.
You should consider upgrading via the 'C:\Users\최석호\AppData\Local\Programs\Python\Python39\python.exe -m pip install --upgrade pip' command.",,1,4년 전,2025-11-26 17:44:08,2025-11-26 17:44:08,
yytWGELNeOI,UgyUz-9ZZDB4c96zDIB4AaABAg,@ender9541,"이거 학교에서 배웠어욬


코딩님 영상 틀어주심!",,1,5년 전,2025-11-26 17:44:08,2025-11-26 17:44:08,
yytWGELNeOI,UgwZztQyQ4k6xr8zXiN4AaABAg,@안정운-k1p,안녕하세요 제가 이번에 컴퓨터공학부에 합격했는데 대학 입학전에 파이썬이나 c언어중에 하나를 선택해서 공부하려고 하는데 뭐가 좋을지 조언 가능할까요? 감사합니다!!,,2,4년 전,2025-11-26 17:44:08,2025-11-26 17:44:08,
yytWGELNeOI,UgwHxaCNA6UJOUKOl6t4AaABAg,@so1ic,"안녕하세요~ 최근에 코딩에 관심이 생겨서 영상 챙겨보고 있습니다!
이해하기 쉬운 설명으로 너무 좋은 영상 올려주셔서 감사합니다

제가 VS Code 프로그램을 설치 후에 영상을 보고 따라하려 하는데

NameError: name 'random' is not defined

이런 애러 코드가 뜨는데 뭐가 잘못일까요??

그리고 위에 Run (플레이버튼)을 누르면 조코딩님 처럼 Terminal에서 출력되는게 아니라 Output 으로 내용이 출력돼요..

구글링 해보고 나름 알아봤는데 도저히 모르겠어서 이렇게 댓글 남깁니다ㅠㅠ",,0,4년 전,2025-11-26 17:44:08,2025-11-26 17:44:08,
yytWGELNeOI,UgyPqltVXex7iN03AmF4AaABAg,@웅야-h8d,파이썬은 스타맵이지 신화속 괴수이기도 하지,,1,3년 전,2025-11-26 17:44:08,2025-11-26 17:44:08,
yytWGELNeOI,UgwCsPaoEO0VZ_Fpnax4AaABAg,@불꽃대기만성,일주일간에 파이썬 마스터할 수 있을까요? 컴 전공자인데요. 학생들 가르쳐 볼까해서 도전해 볼까 합니다. 많이 도와주세요. 강의가 너무 좋네요. 감사해요.^^,,1,4년 전,2025-11-26 17:44:08,2025-11-26 17:44:08,
yytWGELNeOI,Ugy2zkI2JVjvztG1WtN4AaABAg,@오마이갓-i9v,선생님 유튜브영상 앞으로 계속시청하며 공부하면 부트캠프나 국지지원학원없이 개발자로 취직할 수 있을까요? 진지합니다! ㅠㅠ 또 지금 이 강의는 점프 투 파이썬 교재 구매해서 들으면 되는건가요?,,1,4년 전(수정됨),2025-11-26 17:44:08,2025-11-26 17:44:08,
yytWGELNeOI,UgzMw51DCpnMwGC7-sZ4AaABAg,@잠꾸러기-m4w,"12:28 
흠... 빌게이츠가 싫어하는 사람... 그걸 따서 tom shake it 이라고 조코딩님이 말씀하셨지....",,6,5년 전,2025-11-26 17:44:08,2025-11-26 17:44:08,
yytWGELNeOI,Ugy-6F4Dpn11ajd-gid4AaABAg,@mina-i9z9r,설치하기 힘들거나 컴퓨터사 없으면 Repl.it라는곳에서 파이선을 따로 실행 할수 있습니다,,2,5년 전,2025-11-26 17:44:08,2025-11-26 17:44:08,
yytWGELNeOI,UgwBakd1dOWRR3qZMfB4AaABAg,@kristal1624,👍👍👍👍👏👏👏👏,,1,5년 전,2025-11-26 17:44:08,2025-11-26 17:44:08,
yytWGELNeOI,UgwZNKRl6p7Jo4i9tnV4AaABAg,@Tojong_Dak,"제가 아는 파이썬은
1:1 왕초보만. 이거밖에 없는데..",,2,4년 전,2025-11-26 17:44:08,2025-11-26 17:44:08,
yytWGELNeOI,Ugw-mlzA5_8Wx2iRIK94AaABAg,@코딩코딩,조코딩님 ㅋㅋ 광고도 하시네요 ㅎㅎ,,3,5년 전,2025-11-26 17:44:08,2025-11-26 17:44:08,
yytWGELNeOI,Ugy_KNrAfx4iBW69aOl4AaABAg,@jungpillee,"파이썬으로 가상화폐 탈중앙화(dex) 홈페이지도 제작이 가능한가요?
그러니까 유니스왑 같은 홈페이지말이죠",,0,8개월 전,2025-11-26 17:44:08,2025-11-26 17:44:08,
yytWGELNeOI,UgxGxLO8YJHbBbaD5IV4AaABAg,@Quinn-XCII,다른 일 하다가 개발에 대해서 처음 접해보는데 이 영상보고 파이썬 먼저 배워도 될 까요?,,0,4년 전,2025-11-26 17:44:08,2025-11-26 17:44:08,
yytWGELNeOI,Ugw6EEZCncanBfSa_LR4AaABAg,@_yi887,"조코딩님 영상 잘 봤습니다 :)
제 노트북이 64bit짜린데 보면 거의 다 32bit를 설치하시더라구요..! 32bit를 설치하는 게 좋은가요?",,1,4년 전,2025-11-26 17:44:08,2025-11-26 17:44:08,
yytWGELNeOI,UgyuwRh5m8CyLH-6PiR4AaABAg,@김븅신,vsc에서 아나콘다 어케쓰나요,,2,4년 전,2025-11-26 17:44:08,2025-11-26 17:44:08,
yytWGELNeOI,Ugy_n2yAl4q915pCNwB4AaABAg,@CCandPP,궁금한게 있는데여 혹시 윈도우와  엑셀(및 PPT등)은 무슨 프로그램으로 만든거에요? C언어인가요? C++? java? 뭐인가여?ㅠㅠ,,0,5개월 전,2025-11-26 17:44:08,2025-11-26 17:44:08,
yytWGELNeOI,UgzzDlYjQJnxxH2MhxZ4AaABAg,@socsoci,이번에 해외에서 대학교를 입학했는데 남의말로 배우는게 좀 어려워서 자주 참고할것같아요 영상깔끔해서 너무 좋습니다,,1,5년 전,2025-11-26 17:44:08,2025-11-26 17:44:08,
yytWGELNeOI,Ugzeo7aEBLTFtnlJmJd4AaABAg,@POPCORN-ru5nl,아니 너무 재밌잖아! 20분이 이렇게 짧았다고?,,0,4년 전(수정됨),2025-11-26 17:44:08,2025-11-26 17:44:08,
yytWGELNeOI,UgyVZg0maZwHGb1hNpt4AaABAg,@강호철-e9p,python이랑 python3 두개가 다른가요?,,1,4년 전,2025-11-26 17:44:08,2025-11-26 17:44:08,
yytWGELNeOI,UgwixQUMQkoKUNq7PgF4AaABAg,@sssupacpac6708,너무 좋은 내용 감사합니다 많이 배우고 가요!!!혹시 파이썬으로 악성코드 제작 또는 분석도 가능한가요???,,1,5년 전(수정됨),2025-11-26 17:44:08,2025-11-26 17:44:08,
yytWGELNeOI,UgxZE8nWltmDxcA0F-N4AaABAg,@풀스윙-l5o,"안녕하세요  좋은 영상 감사합니다 
요즘 해외선물 차트 공부중인데

파이썬 프로그램을 이용해서
증권사 프로그램에 나오는 
차트 모양과 거래량의 특정 조건 충족시 
화면 모양을 인지해

특정 조건 충족시 알람 울리는 프로그램도 제작이  가능한지요?",,1,4년 전(수정됨),2025-11-26 17:44:08,2025-11-26 17:44:08,
yytWGELNeOI,Ugz_3C8zquxgusAXpnV4AaABAg,@davidyi8786,"간결하고 핵심있는 설명 감사합니다. 파이선 윈11 로 최신 버젼 py을 설치했으면 successful 이 나와야 하는데 Modify Setup 제목에
Modify, Setup, Uninstall 세가지가 나오네요.어떻게 해야하나요? 또 하나, pycharm-2025.2.0.1 는  개인인데 무료버젼이 맞나요?",,0,3개월 전,2025-11-26 17:44:08,2025-11-26 17:44:08,
yytWGELNeOI,UgwpMxn_YhIgU6wYUah4AaABAg,@유덕규-s9w,"강의 잘보고 열심히 공부하고 있습니다.감사드립니다
vs code는 설치됐는데 기능중 터미널 기능을 사용하려하면 오른쪽 하단부분에 경고창이 뜹니다. 
The terminal process failed to launch~
무엇을 설치해야 할까요?",,1,4년 전,2025-11-26 17:44:08,2025-11-26 17:44:08,
yytWGELNeOI,UgwvhGG7fNONlgBjsop4AaABAg,@LUIDON1824,안녕하세요 질문이있는데요 저는자바를 중점으로 취업준비를 하려고하는데 쉬운 파이썬으로 대략적인 코드 시스템을 익힌다음에 자바를 배운다음에 jsp를 배우면 취업에 도움이될까요?? 아니면 너무 두서 없이 배우는걸까요??,,0,4년 전(수정됨),2025-11-26 17:44:08,2025-11-26 17:44:08,
yytWGELNeOI,UgwIflWWmjWvZ9JBWKl4AaABAg,@아후기,"조코딩 형님 대학교 2학년 겨울방학인데 형님 코딩강의 덕분에 겨울방학 알차게 보내는 중입니다!! 제가 질문이 좀 있어요ㅠㅠ  혹시 visual studio code에서 py파일을 저장할 폴더를 변경하고 싶은데, 쉽게 안되는 것 같습니다ㅠ 예를 들자면 강의 영상에서 jocoding이란 폴더에서 다른 폴더로 변경을 하는 상황인 건데, 어떻게 하는 것인지 알 수 있을까요? 그리고 run 실행할 때 python name.py이런 형식으로 그냥 terminal에 명령어 작성하는게 뭔가 군더더기가 없는 느낌인데, Run버튼을 이용하면 뭔가 군더더기가 있는 것 같습니다ㅠㅠ 이거에 대해 조언해 주실 수 있을까요? 질문 길어서 죄송해요ㅠㅠ",,0,4년 전,2025-11-26 17:44:08,2025-11-26 17:44:08,
yytWGELNeOI,UgyaqLzkUAi8AZllpzZ4AaABAg,@mioinfanzia3578,조코딩님 안녕하세요! 제가 이번에 m1 맥북을 구매했는데요.. 파이썬 코딩 환경 구축하는 방법이 다른가요??,,0,4년 전,2025-11-26 17:44:08,2025-11-26 17:44:08,
yytWGELNeOI,UgzqSEh9lby7cqT0lRN4AaABAg,@HONGSAMSUM,파이썬을 잘하고싶은데 뭐부터 해야하나요?,,0,4주 전,2025-11-26 17:44:08,2025-11-26 17:44:08,
yytWGELNeOI,Ugw3UNvoPK-vvZbv_0Z4AaABAg,@모찐아-e3h,"pylint가 설치 안되서 하루 왼 종일 보다가 겨우 해결했네요 
에러 코드를 적는게 더 정확한 검색이 가능합니다.

pylint 설치 에러날 경우 

환경경로 미 설정의 경우 
방법1. PATH체크 안했을 경우는 제어판에서 삭제 후 PATH 체크 후 재설치 
방법2.VS code를 켜서  setting.json 누르고 ""python.pythonPath""""python.pythonPath"": ""C:\\Program Files\\Python39\\python.exe""로 바꿔준다.


2. 에러 마지막 문장이  ValueError: invalid literal for int() with base 10: b'\x00\x00\x00\x00'일 경우 
검색창에서 프록시 입력 -프록시 설정변경 - 자동으로 설정검색을 끈다. 
이후 cmd(명령프롬토트)를 관리자 권한으로 실행하거나 또는 VS code 터미널에서  pip install pylint를 입력한다. 
출처:http://2cpu.co.kr/QnA/773891",,1,4년 전,2025-11-26 17:44:08,2025-11-26 17:44:08,
yytWGELNeOI,UgytI7j1lEi8xfozjPJ4AaABAg,@ejwkwk,키보드 뭐쓰세요? 너무좋네요 소리가.ㅎㅎㅎ,,1,5년 전,2025-11-26 17:44:08,2025-11-26 17:44:08,
yytWGELNeOI,UgwE-AqozLcRrjTa92Z4AaABAg,@JeongEun3521,"아...NFT하러 왔다가 조코딩님 파이썬 깔고 있고~비쥬얼스튜디오라케서 아...사진편집도 배우나 했더니 코딩을 막...ㅋㅋㅋ
여튼 정말 이런 알찬 코딩의 세계에 입문하게 해주셔 넘넘 감사해요.
그저 html의 세계만 알던 저를~이곳으로 소환해주셨어요 ㅎㅎ
조코딩님의 알찬강의들 감사합니다. 앞으로도 잘 따라가보겠심돠:yougotthis:",,0,3년 전,2025-11-26 17:44:08,2025-11-26 17:44:08,
yytWGELNeOI,UgxgI7GcrROPcAup-1B4AaABAg,@소소한-q9l,입문하려고 봤는데 뭘 하시는건지 하나도 모르겠다🤣🤣,,1,4년 전,2025-11-26 17:44:08,2025-11-26 17:44:08,
yytWGELNeOI,UgwPWmQ_jvekpPlu3dN4AaABAg,@백성민-v2o,파이썬 아나콘다랑 파이썬 스파이더가 있는데 이 둘이랑 조코딩님이 하신 파이썬 프로그램의 차이가 뭔가요?,,2,5년 전,2025-11-26 17:44:08,2025-11-26 17:44:08,
yytWGELNeOI,UgxJ80HZTwuAVPvUtMx4AaABAg,@LoveYoo-h7e,질문이 있습니다!! 혼자 공부하는 파이썬이라는 책을 구입할려 했는데 유튜브에 이렇게 강의가 좋은게 있는지 몰랐네요 그래서 여쭤봅니다 강의만으로 파이썬을 배울 수 있을까요?,,0,4년 전,2025-11-26 17:44:08,2025-11-26 17:44:08,
yytWGELNeOI,UgzHP7YJk126i4QgZJp4AaABAg,@쿠마몬-r3y,지금 이 재생목록에 있는 게 편집본 인거죠? 풀영상을 굳이 안 보고 편집본만 봐도 되는건가요? 풀영상은 댓글 읽어 주는게 많은 것 같아서 굳이 편집본만 봐도 되나 해서요,,1,4년 전,2025-11-26 17:44:08,2025-11-26 17:44:08,
yytWGELNeOI,UgzF5LuY4eHJMxxYn394AaABAg,@wooseokcho2576,혹시 강의 PPT는 받아 볼 수 없을까요??,,0,4년 전,2025-11-26 17:44:08,2025-11-26 17:44:08,
yytWGELNeOI,UgxwuP5tkwl_ofD3ZU14AaABAg,@문영준-s7w,C++은 안되는게 없다,,11,5년 전,2025-11-26 17:44:08,2025-11-26 17:44:08,
yytWGELNeOI,UgzVlpsZ9XbAAZtjCN94AaABAg,@bboombboomday,"안녕하세요. 조코딩님.
직장에서 웹디자이너로 일하고 있는 40살 유부녀입니다.
작은 회사에서 편집. 웹 이것저것 다 하다보니.. 프로그래밍에도 욕심이 생기네요.
CSS를 어느정도 다룰줄 알지만.. 지금부터라도 본격적으로 프로그래밍 언어를 배워서 실무에 써먹을 수 있을지.. 이쪽 분야에 대해서는 거의 문외한이라 걱정이 됩니다.
회사에서는 노드JS를 공부하라고 하는데.. 나이도 많아서 공부도 잘 될런지요. 전문가가 되기에는 너무 늦은 나이인가요?
솔직한 의견 부탁드려요.",,1,4년 전,2025-11-26 17:44:08,2025-11-26 17:44:08,
yytWGELNeOI,Ugzgq78JBEXR6Wh6cTx4AaABAg,@qsoundfx,강의 속도가 조금 빠른듯 하여 정지해놓고 연습하고를 반복하면서 공부하고 있습니다.,,1,3년 전,2025-11-26 17:44:08,2025-11-26 17:44:08,
yytWGELNeOI,UgyvupUHAy8sqXfC73F4AaABAg,@당근마쉿다,17:39 창이 안뜨는데 검색해서 어떤 걸 다운받으면 되나요? Linter 라고 쓰인걸 하면 될까요?,,1,4년 전,2025-11-26 17:44:08,2025-11-26 17:44:08,
yytWGELNeOI,UgysSHbE2oJxWfzcibx4AaABAg,@단디-o2u,이 강의는 책보기 전에 보고 책보면서 다시 복습하고 이런 식으로 하는게 좋을ㄲ요?,,0,1년 전,2025-11-26 17:44:08,2025-11-26 17:44:08,
yytWGELNeOI,UgzbvSt8fdpv7wPnUSJ4AaABAg,@ysj7899,"안녕하세요~ 지금 현재 시스템 환경에 java를 설치했는데, 혹시 python을 추가적으로 설치하면 적용이 될까요? 시작은 python으로 공부하려고 하고 있거든요,.",,1,4년 전,2025-11-26 17:44:08,2025-11-26 17:44:08,
yytWGELNeOI,UgwsL7M3s6VwGiEqfJ94AaABAg,@jiwonna4462,영상 너무 유익해서 차근차근 보고 있습니다 감사합니다. 혹시 웹사이트 만드는데 간단히 사람들이 사진올리면 웹 만든본인이 받을수 있는 그런사이트 만드는 기술은 어렵나요?,,1,5년 전,2025-11-26 17:44:08,2025-11-26 17:44:08,
yytWGELNeOI,Ugwq5F9Y-c8xO8HI4h14AaABAg,@유경흔-q3q,"코딩 1도 모르는 왕초보 인데요, 강의 속도가 좀 빠르긴 하지만 일시정지 해가며 열심히 들었습니다. 질문이 있어 여쭤봅니다. vs code 터미널창에 c:\파일명>만 안뜨고 앞에 ‘ps’가 붙는데 왜이럴까요? 그리고 강의 내용 따라서 python hello.py 하고 엔터를 치면 실행이 안됩니다. 그런데 삼각형 모양 재생을 누르면 print 글자가 또 출력이 되거든요. 잘 따라한다고 했는데요 어렵네요. 멍충이가 된 기분이네요... ㅎㅎ 포기하지 않게 부탁드립니다.^^",,1,5년 전,2025-11-26 17:44:08,2025-11-26 17:44:08,
yytWGELNeOI,UgxJHbhBzp-ys0oOIyF4AaABAg,@닉네임-s3f,조코딩님 파이썬으로 화이트 해킹 연습 가능한가요?,,1,4년 전,2025-11-26 17:44:08,2025-11-26 17:44:08,
yytWGELNeOI,Ugw677hMoIY1qL2AfGt4AaABAg,@하윤준-n8k,"조코딩님! 오늘부터 파이썬 시작하려는 프로그래밍 초짜입니다. 근데,, 그 vscode에서 new terminal을 만들고 python hello.py 를 하라고 하셨는데,, 그렇게 치면 hello가 안뜨는데 왜 이러는 걸까요? 마지막 기본적인 명령어 (python 치고 계산? 하는부분) 도 안됍니다 ㅠ. 무슨 power shell? 이라고 써있는거 때문에 안돼는거 같은데 왜이러는 걸까요? 답변 부탁드립니다.",,2,4년 전,2025-11-26 17:44:08,2025-11-26 17:44:08,
yytWGELNeOI,UgxFPdtDbId8DoDp6a54AaABAg,@Flexer._.26,점프 투 파이썬이란 책으로 강의를 올리시는거 같은데 책은 구매하는게 좋을까요?,,1,5년 전,2025-11-26 17:44:08,2025-11-26 17:44:08,
yytWGELNeOI,UgzCMvTbXjZFjUYg94h4AaABAg,@권민수-v9z,터미널에서 영상에서 처럼 C:\jocoding> 이거로 시작을 해야하는데 저는 PS C:\jocoding> 이렇게 앞에 PS가 붙어있어서 PS C:\jocoding>python 입력을 해도 >>> 이런 꺽쇄가 나오지 않아요 ㅠㅠ 어떻게 해야 할까요?,,0,3년 전,2025-11-26 17:44:08,2025-11-26 17:44:08,
yytWGELNeOI,Ugzdl2jMQcDnm4U4GOB4AaABAg,@doongaa,"회사에서 C#을 배워야하는데요
파이썬 배우면 같이 활용할수있을까요?",,0,4년 전,2025-11-26 17:44:08,2025-11-26 17:44:08,
yytWGELNeOI,UgxBz_6o3hdiAQCzyS94AaABAg,@현영-g4p,"원래 설치된 주피터 노트북 사용하는데 설명이랑 다른거 같아서 어려움을 느끼고 있습니다. 
삭제하고 파이썬을 설치할까요..? 아니면 그냥 할 수 있는건가요??",,1,5년 전,2025-11-26 17:44:08,2025-11-26 17:44:08,
yytWGELNeOI,UgwlcDXH8Yy5Vod_Az14AaABAg,@안영곤-b9j,Print(hello) 하니까 print 장치를. 초기화할수없습니다로. 나오는데. 잘 안되네요,,3,6개월 전,2025-11-26 17:44:08,2025-11-26 17:44:08,
yytWGELNeOI,UgypX4b7XCTE7Dxee954AaABAg,@민드의포트나이트-i5b,마크 플러그인도 만들 수 있나요? @조코딩 JoCoding님,,1,4년 전,2025-11-26 17:44:08,2025-11-26 17:44:08,
yytWGELNeOI,UgzSwtT16DWaNu-XmL14AaABAg,@유니유니-w8u,"안녕하세욤 좋은 영상 감사합니당, 순서대로 따라하고 있는데
14:44 에서
v OPEN EDITOR
v NO FOLDER OPENDED
You have not yet opened a folder.
라고 뜨고, file -> c드라이브 jocoding 들어갔는데 파일이 안보여요 ㅠ_ㅠ 파일은 만들었는데 왜 이럴까요?!
폴더에 파일 만들어 놓긴 했거든요, file -> open file로는 보이는데 folder로는 안보여요 @@",,1,4년 전,2025-11-26 17:44:08,2025-11-26 17:44:08,
yytWGELNeOI,UgxBdW21zyaSm33VzrN4AaABAg,@지루피저격계정,파이썬으로 유튜브 같은입도 만들수 있나요?,,2,4년 전,2025-11-26 17:44:08,2025-11-26 17:44:08,
yytWGELNeOI,UgzZ_88wzRwc-SrrV254AaABAg,@sun-binhwang1975,"조코딩님, cmd로 들어가서 하는 거 설명실 때  원 표시를 어떻게 하나요? 제 노트북이 미국에서 산거라서 없네요 ㅠㅠㅠ",,1,5년 전,2025-11-26 17:44:08,2025-11-26 17:44:08,
yytWGELNeOI,UgxBflN9EKDPDaqZUml4AaABAg,@눈눈-e4t,vscode에 lint 검색해도 설치 알림이 안뜨네요ㅠㅠㅠㅠ뭘 깔아야하는걸까요..ㅠㅠ,,2,4년 전,2025-11-26 17:44:08,2025-11-26 17:44:08,
yytWGELNeOI,Ugy52v1E4hF-Z0UIgkd4AaABAg,@user-kj3rf8qg9c,18:48 왜 저는 저 시작 모양이 없나요?,,1,4년 전,2025-11-26 17:44:08,2025-11-26 17:44:08,
yytWGELNeOI,UgwecaKll1CgjIds2654AaABAg,@seungwoocheon6347,"완전 쌩초보입니다.
파이썬은 게임 개발등에는 응용되지 않나요? 취미로 게임을 만들어보고자 공부시작했는데, 파이썬을 계속 공부하는것이 좋을지, 자바스크립트등으로 시작하는것이 좋을지 고민입니다.,",,1,5년 전,2025-11-26 17:44:08,2025-11-26 17:44:08,
yytWGELNeOI,UgyAgE97l5fu-4cw48d4AaABAg,@TV-oz3ky,"리눅스 cent OS8 버전에 설치하고 쓰고싶습니다 어떻게 하나요?
똑같이 설치해도될까요? 8:43",,1,5년 전,2025-11-26 17:44:08,2025-11-26 17:44:08,
yytWGELNeOI,UgyTHKd7UqfhymBXsCp4AaABAg,@_wltn_4650,11:28 꼭 c드라이브여야만 하나요?,,1,3년 전,2025-11-26 17:44:08,2025-11-26 17:44:08,
yytWGELNeOI,Ugyos1QrnTYxt0wT_3V4AaABAg,@하기시룬데,칼리 리눅스 해킹툴이 파이썬인지 궁금합니다!,,1,4년 전,2025-11-26 17:44:08,2025-11-26 17:44:08,
yytWGELNeOI,UgxtHdYncRGkjYV-FYR4AaABAg,@diewithangel,"안녕하세요 조코딩님 요즘 ai가 이 영상 제작됬을 때보다 훨씬 발전됬는데, 지금 파이썬과 C언어를 배우는 게 메리트가 있을지 여쭤봅니다!",,0,5일 전,2025-11-26 17:44:08,2025-11-26 17:44:08,
yytWGELNeOI,Ugy1W8HNmaBoqjHjB1V4AaABAg,@김현우-o1y,"맥북에서 처음으로 파이썬 독학 시작합니다!
근데 설치할때 윈도우처럼 옵션들이 많지 않고 그냥 설치만 되고 끝나네요
add python to path 옵션도 없었는데 괜찮은걸까요?",,1,4년 전,2025-11-26 17:44:08,2025-11-26 17:44:08,
yytWGELNeOI,UgxFv2wbpCTXggu6n5Z4AaABAg,@user-sw6vx7tl9z,안녕하세요! 이번에 파이썬을 처음 배워보려고 영상을 따라하다가 파일 저장부분에서 막혔습니다ㅠㅠ 로컬 디스크에 저장하려 했는데 관리자 권한이 없다고 뜨네요... 해결 방법이 있을까요? 굳이 로컬 디스크가 아니라 다른 위치에 저장해도 상관 없나요?,,1,4년 전,2025-11-26 17:44:08,2025-11-26 17:44:08,
yytWGELNeOI,Ugx-7vkCUxYAJf4ysql4AaABAg,@Kuiekuie,라이브 강의 어디서 하나요? 어디서 하는지 몰라서;,,2,5년 전(수정됨),2025-11-26 17:44:08,2025-11-26 17:44:08,
yytWGELNeOI,Ugz0OrJtRzhB0fC3RZl4AaABAg,@단독드리블,"안녕하세요 강의 잘 보고 있습니다
감사합니다~

그런데 혹시 Pylint는 No extensions pound라고 뜨고 PyInit 검색해보니 이건 뜨거든요
두개는 다른 확장팩인가요? Plylint는 아무리 검색해도 안 뜹니다ㅠ

그리고 저는 파이썬을 받아도 64비트 버전밖에 설치가 안되는데 32비트 버전은 설치하려면 어떻게 해야 할까요?",,1,4년 전(수정됨),2025-11-26 17:44:08,2025-11-26 17:44:08,
yytWGELNeOI,UgxJhAJ663lF2QCuJbB4AaABAg,@Diego_Armando_Maradona,파이썬 대신 아나콘다 설치해도 되나요?,,1,9개월 전,2025-11-26 17:44:08,2025-11-26 17:44:08,
yytWGELNeOI,Ugxd5uLJaTbCadNLs-t4AaABAg,@박수희-k6n,ㅜㅜ컴알못은 포기해야하나요.. 어디서부터 시작해야할지 눈물이납니다..😢,,1,3년 전,2025-11-26 17:44:08,2025-11-26 17:44:08,
yytWGELNeOI,UgxwbiEg6F6u1RuBH-14AaABAg,@sangDu-park,"이번주부터 HTML 독학하는 학생인데요 자바스크립트랑 파이썬의 차이가 뭔가요?
각각의 장단점 좀 골라주세요 부탁드려요오",,1,5년 전,2025-11-26 17:44:08,2025-11-26 17:44:08,
yytWGELNeOI,Ugysja7oJzMWEG7qFaN4AaABAg,@Olk-v9o,파이썬 회사에서 사용할 프로그램으로 설치 제작으로 사용해도되나요? GUI 라이브러리도 무료인가요?,,1,4년 전,2025-11-26 17:44:08,2025-11-26 17:44:08,
yytWGELNeOI,UgyDyOWXpf8f5TYkvQF4AaABAg,@yongjun2671,윈도우7 사용자 인데 그에 맞는 프로그램 을 설치 했는데 python idle 없는데 방법 있나요? 윈도우 10 설치 해야 하나요?,,0,2년 전,2025-11-26 17:44:08,2025-11-26 17:44:08,
yytWGELNeOI,Ugz_nIW3vdzdj7ohNvd4AaABAg,@쌍즈,"linter는 뭘 깔아야할까요?? 저는 경고창이 안뜨고 pylint도 치면 안나와요....  cloudformation, docker linter등이 있어요",,1,4년 전,2025-11-26 17:44:08,2025-11-26 17:44:08,
yytWGELNeOI,UgxoZlTtKkGrrXBMBkZ4AaABAg,@그냥사람-g5v,아두이노 코딩은 무슨 프로그램..?을 사용해야 하나용?,,1,4년 전,2025-11-26 17:44:08,2025-11-26 17:44:08,
yytWGELNeOI,UgyQnYsim0tnVIeQ3Ah4AaABAg,@jsk2212,댓글 쓰는 시점에서 3.9버전이 나왔는데 무조건 최신버전이 좋나요？,,2,5년 전,2025-11-26 17:44:08,2025-11-26 17:44:08,
yytWGELNeOI,UgyvMElELgc5YF_hTM94AaABAg,@lucky_ml00,썸네일이 판웅인데?,,2,5년 전,2025-11-26 17:44:08,2025-11-26 17:44:08,
yytWGELNeOI,UgzXPUOuNpuXueqER-14AaABAg,@zwqwr4272,씨 드라이브에 저장이 안된다고 해서 디드라이브에 저장했는데 괜찮을까요?? 똑같이 실행은 되긴 하는데 뭔가 잘못되는것은 아니겠죠??,,1,4년 전,2025-11-26 17:44:08,2025-11-26 17:44:08,
yytWGELNeOI,UgzDQR4pqmxnIWV0HA14AaABAg,@user-zerovideos,파이썬으로 반도체도 설정할 수 있나요?,,1,3년 전,2025-11-26 17:44:08,2025-11-26 17:44:08,
yytWGELNeOI,UgwbU2MGThFxsR3sH4R4AaABAg,@cpafox,"안녕하세요. 좋은 강의 감사합니다.  pylint extension 설치할 때 그 Extension 목록에 검색해도 안 나왔습니다. 검색을 해서 알아보아 Terminal에서 pip install pylint를 했더니 설치가 된 거 같았습니다. 제대로 설치가 된 것인지, pip는 뭔지, 궁금합니다",,1,5년 전(수정됨),2025-11-26 17:44:08,2025-11-26 17:44:08,
yytWGELNeOI,UgzsmKMe79vBudB-mlV4AaABAg,@songieejeong5127,"파이썬을 처음 접하게 된 문과출신 평범 직장인입니다 ㅎㅎ 설명을 너무 잘 해주셔서 잘 따라오게 됐어요.
근데 저는 조코딩님이랑 다르게 C드라이브 앞에 PS라는 글씨가 뜨네요.....
그리고 터미널에서 python 까지 치고 h만 누르고 tab을 누르고 엔터를 눌렀더니 결과는 제대로 출력이 되는데 python 뒤에 ./hello.py 라고 바뀌는데 이건 왜그런건가요?

PS C:\song_ython> python .\hello.py
hello",,1,4년 전,2025-11-26 17:44:08,2025-11-26 17:44:08,
yytWGELNeOI,Ugw0OPj6VPtSaOdE4hN4AaABAg,@박종관-r6b,"감사합니다
좋은 강의",,1,5년 전,2025-11-26 17:44:08,2025-11-26 17:44:08,
yytWGELNeOI,UgzaouCv2QRM99xDFsN4AaABAg,@Kalen-c4o,17:40 여기서 인스톨을 눌렀는데 하단부분에 빨간 글씨가 떠요,,1,5년 전,2025-11-26 17:44:08,2025-11-26 17:44:08,
yytWGELNeOI,Ugz7Ae6EDBM_NygaYxZ4AaABAg,@김동주-m1o,2021.08.20 시작!,,0,4년 전,2025-11-26 17:44:08,2025-11-26 17:44:08,
yytWGELNeOI,UgxKDGDsM2rGeCtfhQp4AaABAg,@soonmoo,불법홍보 메크로좀 잡아주이소~,,1,4년 전,2025-11-26 17:44:08,2025-11-26 17:44:08,
yytWGELNeOI,Ugy-gQolmZbbOoghesl4AaABAg,@미디움탠,좋은 영상 너무 감사합니다. 그런데 제가 vscode 설치하고 확장들도 다 받은다음에 터미널에 PS C:\파이썬> python hello.py 이렇게 입력하고 실행을 누르는데 자꾸 실행결과가 hello가 아니라 python으로 나오는데 뭐가 문제인걸까요? 똑같이 따라했는데 이것만 안되서 ㅜㅜ,,0,4년 전,2025-11-26 17:44:08,2025-11-26 17:44:08,
yytWGELNeOI,UgxbW1FIAX5i8pe6jop4AaABAg,@뀨잉뽀잉-m2y,"제가 조코딩님이 웹사이트를 만들어서 어플까지 만드는것을 보았는데, 그것에 감명을 받아서 제가 종사하는 분야에서,  만들어 보고싶은 어플을 만드려고 하는데, 파이선을 해야 할까요? 자바를 해야 할까요?",,1,5년 전,2025-11-26 17:44:08,2025-11-26 17:44:08,
yytWGELNeOI,Ugz4XGyrVYtk6gE6YW54AaABAg,@hwisoo1203,파이썬을 깔았는데 IDLE PYTHON 은 안깔렸는데 어떻게 까나용?,,2,4년 전,2025-11-26 17:44:08,2025-11-26 17:44:08,
yytWGELNeOI,Ugz_XQ2cP4ik0BBgaEJ4AaABAg,@세오-y1x,"17:33 부근 vscode 에서 python extension 설치시 우측하단 팝업에 python vscode 'python' extension. please check the log for more details. 라고 try downloading manually클릭해서 메모장에서 확인해 보면 호환이 안되는지 외계어가 나옵니다 . 또, pylint검색시 no extensions found 라고 나오는데 위에 꺼가 설치가 안되어있어서 뜨는 걸까요?
여기서 부터 진행이 안되고 있어서 너무 답답한데 해결방법좀 알려주시면 정말 감사드리겠습니다.",,1,4년 전(수정됨),2025-11-26 17:44:08,2025-11-26 17:44:08,
yytWGELNeOI,Ugy3qAlDPBg36rJVQaJ4AaABAg,@33PLL688,채팅에서도 나온 질문이긴 한데 64비트 컴퓨터에 32비트 파이썬 프로그램 설치해도 되는건가요? 혹시 안 되면 32비트 써야할땐 어떻게 해야할까요?,,1,4년 전,2025-11-26 17:44:08,2025-11-26 17:44:08,
yytWGELNeOI,UgxCYfWSj6eKt3caLWx4AaABAg,@thebeamerboy12,맥북 프로 유저인데 맥북도 똑같겠죠?,,1,4년 전,2025-11-26 17:44:08,2025-11-26 17:44:08,
yytWGELNeOI,Ugw8zv0tloMixGBA3wR4AaABAg,@헺-m4s,맥 유저는 방식이 많이 다른가요?,,1,4년 전,2025-11-26 17:44:08,2025-11-26 17:44:08,
yytWGELNeOI,Ugyrqjdn0d4TOZFr-XV4AaABAg,@spower360,맥 os 인데 그대로 실행해도 문제 없을까요? 그리고 갠적으로 궁금한건데 코딩 하실 때 탭 쓰시나요 스페이스 쓰시나요?,,0,5년 전,2025-11-26 17:44:08,2025-11-26 17:44:08,
yytWGELNeOI,UgwZ_KDtPvaLgHE8Js94AaABAg,@woodira6543,"용어가 cmdlet, 함수, 스크립트 파일 또는 실행할 수 있는 프로그램 이름으로 인식되지 않습니다. 이름이 정확한지 확인하고 경로가 포함된 경우 경로가 올바른지 검증한 다음 다시 시도하십시오.
라고 떠요 해결방법이 있을까요?",,1,3년 전,2025-11-26 17:44:08,2025-11-26 17:44:08,
yytWGELNeOI,Ugzr__TlApBVnuch-wp4AaABAg,@권형준-k9z,vscode > 뉴 터미널에서  python hello.py 를 입력하면 되는데 python h  탭을 누를경우나 수동으로 입력해도 ./hello.py로 명령어가 인식하는데 왜 저는 다른가요 ㅠㅠ? 그리고 pylint 설치목록이 없어요!! ㅠㅠ 도와주세요.,,1,4년 전,2025-11-26 17:44:08,2025-11-26 17:44:08,
yytWGELNeOI,UgxepAwmIp9rhoKkzx14AaABAg,@사람-t5d2h,"조코딩님 파이썬 비주얼 스튜디오에서 파이썬 설치하고 짜려는데 No Python interpreter is selected. You need to select a Python interpreter to enable features such as IntelliSense, Iinting, and debugging 소스: Python 확장 뜨는데 뭐가 문제인가요?",,1,4년 전,2025-11-26 17:44:08,2025-11-26 17:44:08,
yytWGELNeOI,UgwXgZoMVBkIFh2Z-rZ4AaABAg,@임환종-w5l,"점프 투파이썬의01-6 파이썬과 에디터를 공부하고있는데 save befor run or check 확인클릭하고 c:\
doit 디렉터리 생성을 못하고 있습니다..도와주세요..",,0,5년 전(수정됨),2025-11-26 17:44:08,2025-11-26 17:44:08,
yytWGELNeOI,UgwcMDKiOxFbUo3hBGB4AaABAg,@jaewonjjo7309,"깔끔한 강의 감사합니다. 
제가 만들고싶은건 일반사이트 재고여부 확인 및 품절유무를 한눈에 끌어올 수 있는 프로그램을 하나 만들고 싶은데 
파이썬으로는 구축이 어려운가요?",,1,5년 전,2025-11-26 17:44:08,2025-11-26 17:44:08,
yytWGELNeOI,UgzwdhuzV6lzFWoBHwF4AaABAg,@yomerona5711,"안녕하세요!! 이번에 유튜브로 파이썬 독학하고 있는 새내기 입니다! 다름이 아니라 과제 제출 방법 시 궁금한 점이 있어 댓글 남겨요! vscode로 파이썬 코드를 만들고 저장을 하면 exe파일로 저장이 됩니다 그 파일을 실행시키면 출력값이 나오지 않고 창이 닫아집니다ㅠㅠ 교수님께서 파일이 열리지 않거나 출력값이 없으면 0점이라고 하여 고민하던중 이렇게 댓글남겨요..
idle을 이용하여 저장을 해도 exe파일로 저장이 되는데 .py 저장하는 방법이 있을까요??",,1,4년 전,2025-11-26 17:44:08,2025-11-26 17:44:08,
yytWGELNeOI,UgyPRPPgwwppCQhHkiJ4AaABAg,@prooooy,풀버전에서 어떤부분 잘라내셨는지 알 수 있을까요..?,,1,5년 전,2025-11-26 17:44:08,2025-11-26 17:44:08,
yytWGELNeOI,Ugzye6BFrYOBaUj4CJZ4AaABAg,@귤킴-x3y,"다운받으려는데 체크하는 것도 안뜨고 setup failed 
log file 누르면 다시 홈페이지로 돌아가고
밑에 close 만 떠요... ㅠㅠ 다운이 안되네요",,0,4년 전,2025-11-26 17:44:08,2025-11-26 17:44:08,
yytWGELNeOI,UgwiZLQJx5ol0J-fYW14AaABAg,@빙이-z2d,안녕하세요 강의 오늘부터 듣게 된 사람입니다. 파이썬을 설치를 했는데 자꾸 새로운 크로스 플랫폼 PowerShell 사용 https://aka.ms/pscore6 이렇게 떠서 어떻게 해야지 없앨 수 있는건가요?ㅠㅜ,,1,4년 전,2025-11-26 17:44:08,2025-11-26 17:44:08,
yytWGELNeOI,Ugzct3fvqLub60QQNPB4AaABAg,@잼2-k3l,2019가 따로설치를 해야하는건가요? ㅠㅠ 2014로 뜨고 파워셀에서 cmd로 바꿀수가없어용ㅠㅜㅜㅜ왜이럴까요,,1,4년 전,2025-11-26 17:44:08,2025-11-26 17:44:08,
yytWGELNeOI,Ugx19YV3DBKQJkabngV4AaABAg,@WW-xd9jo,독학으로 하려면 어떤책을 사야할까요,,1,4년 전,2025-11-26 17:44:08,2025-11-26 17:44:08,
yytWGELNeOI,Ugx-Goj67zebXR2HwxJ4AaABAg,@moonmmbear126,파이썬으로 게임도 만들수 있나요?,,1,4년 전,2025-11-26 17:44:08,2025-11-26 17:44:08,
yytWGELNeOI,UgwLQTO_HNohVYZUhZJ4AaABAg,@이름상실,파이썬으로 백신이나  복호화툴 같은거 만들수있나요?,,1,4년 전,2025-11-26 17:44:08,2025-11-26 17:44:08,
yytWGELNeOI,UgxI6-ivL43QZzvUmil4AaABAg,@qntks0503,"궁금한것이 있습니다!
(2+3)*5=25
30/5-4=2.0으로 나오던데 왜 밑에만 소수점이 붙나요?",,2,5년 전,2025-11-26 17:44:08,2025-11-26 17:44:08,
yytWGELNeOI,UgxYejLrwg9dlqXLuNR4AaABAg,@김아현-n1g,"안녕하세요! 혹시 파이썬 설치에 관해서 질문가능할까요?
제가 뭣모르고 그냥 파이썬 설치 했다가 마지막에 뜨는 disable path length limit 그거를 안하고 설치 완료 해버려서 다시 재설치 하려고 삭제를 했는데, 삭제하고 재설치를 하니 그 disable~~ 그게 안뜨고 그냥 클로즈 버튼 뜨는 창으로 바로 이동해버리더라구요. 어떻게 해야하나요?",,1,4년 전,2025-11-26 17:44:08,2025-11-26 17:44:08,
yytWGELNeOI,Ugwkncwsm5tkYLejVAR4AaABAg,@한용현-v5s,강의시 썼던 PPT파일을 받을수 있을까요?,,1,4년 전,2025-11-26 17:44:08,2025-11-26 17:44:08,
yytWGELNeOI,UgzYD3m3dWwF74W9IZZ4AaABAg,@Lover_Billiards,vs에서 한글을 영문으로 바꾸는 방법 가르쳐 주실수 있나요?,,0,3년 전,2025-11-26 17:44:08,2025-11-26 17:44:08,
yytWGELNeOI,Ugz7ANX1unwcNtbZzS54AaABAg,@rhdqudrms1,"파이썬이 완전 코딩초보들이 하기에도 좋나요?
아니면 코딩 배워본적 없는 사람은 무엇부터 배우는게 좋을까요?",,0,5년 전,2025-11-26 17:44:08,2025-11-26 17:44:08,
yytWGELNeOI,UgyRy70Pyd3gPcri2z54AaABAg,@세계의구현자,파이썬을 다운받았는데 버전이 3.10.몇이던데 버전은 상관없나요?,,2,4년 전(수정됨),2025-11-26 17:44:08,2025-11-26 17:44:08,
yytWGELNeOI,UgwC4cwMS-DUqOnjixZ4AaABAg,@온리게임-e7b,저는 파이썬 말고 visual studio code(비주얼 스튜디오 코드 혹은 vscode)쓰는데,,1,5년 전(수정됨),2025-11-26 17:44:08,2025-11-26 17:44:08,
yytWGELNeOI,Ugwv1f_vJ7uvyut99Up4AaABAg,@shinbg2717,"감사합니다 다운로드 했는데 
Modify
Repair 가 뜨는데요 어쩌죠 ,,",,0,4년 전,2025-11-26 17:44:08,2025-11-26 17:44:08,
yytWGELNeOI,Ugwd-496x4oykyF8Crt4AaABAg,@ladincrashvolt842,18:55 저는 터미널창에서 python을 쓰고 h를 입력 후 tap을 눌렀을 때 자동완성이 안되고 왜 띄어질까요...?,,1,4년 전,2025-11-26 17:44:08,2025-11-26 17:44:08,
yytWGELNeOI,Ugz-bhls-TenALxkFtZ4AaABAg,@rjiho8862,파이썬이랑 VSCODE 폰트는 어떻게 바꾸나요? 쓰시는 글꼴은 뭔가요?,,1,5년 전(수정됨),2025-11-26 17:44:08,2025-11-26 17:44:08,
yytWGELNeOI,UgzdHbL3jymmlpjU8h14AaABAg,@황지환-r4d,3.9.1 버전이 현재 지금 가장 최신버전인데 이거 써도 되나요?,,1,4년 전,2025-11-26 17:44:08,2025-11-26 17:44:08,
yytWGELNeOI,UgzvR3MnW7IQ-WclxIt4AaABAg,@user-nd1nf7sb5r,파이썬 용량은 얼마나되나요?,,0,3년 전,2025-11-26 17:44:08,2025-11-26 17:44:08,
yytWGELNeOI,UgzvT34HEEQyvDT_XNt4AaABAg,@쏭인턴,"이제 막 파이썬 독학 할려고 노력하는 1인 입니다.
옛날에 오렸던 동영상이지만 혹시나 확인한다면 답변 부탁드려요ㅠㅠ
pylint가 설치 간 안되는데  어떻게 해야 하나요?
error: invalid command 'bdist_wheel'
ERROR: Command errored out with exit status 1:
이런식으로 뜨는데 어떻게 해야할지 막막하네요. 부탁드려요 ㅠㅠ",,1,4년 전,2025-11-26 17:44:08,2025-11-26 17:44:08,
yytWGELNeOI,UgxWfXn-GngNwYgjKV54AaABAg,@sbconjecture2642,처음 코딩 시작하려고 하는데 파이썬부터 하면 되나요? 혹은 다른 거 추천하실 거 있나요? (완전 입문자입니다.),,4,5년 전(수정됨),2025-11-26 17:44:08,2025-11-26 17:44:08,
yytWGELNeOI,Ugw6ieMf2omewJvacGx4AaABAg,@kkililil,18:48 저는 여기서 초록색 버튼이 안 뜨는데 어떻게 해야 될까요..?ㅠ,,1,3년 전,2025-11-26 17:44:08,2025-11-26 17:44:08,
yytWGELNeOI,UgyYPULmQ33dHxLkuAZ4AaABAg,@reimunyancat,혹시 pc 게임은 만들수 있나요?,,1,4년 전,2025-11-26 17:44:08,2025-11-26 17:44:08,
yytWGELNeOI,UgwmLeD4vOKp1rEtsl54AaABAg,@목련마을미남,의료빅데이터로직업삼고싶은데 배워야하는게어떤건가요,,1,5년 전,2025-11-26 17:44:08,2025-11-26 17:44:08,
yytWGELNeOI,UgzQ-TzRjzEDyPvIxgZ4AaABAg,@키캣-t8w,"IDLE로 피이썬 프로그램 작성하기에서
 RunModule선택후 내 pc 로컬 디스크c에 저장하려 했는데 에 위치에 저장할 권한이 없다면서 관리자한테 문의히라고 한 후 
대신 user 폴더에 저장할꺼냐고 뜨는데 어떻게 해야 하나요..?",,1,4년 전,2025-11-26 17:44:08,2025-11-26 17:44:08,
yytWGELNeOI,UgzDtGrxcoMbUlCMxq54AaABAg,@muneungBeing,"버튼 눌러서 실행시키는건 되는데
저는 python hello.py로 해도 코드가 실행되지 않네요
pylint 설치할때 warning이 많이 뜨긴 했는데 그 문제인가요?

python을 치면 마이크로소프트 스토어가 켜지네요",,2,5년 전(수정됨),2025-11-26 17:44:08,2025-11-26 17:44:08,
yytWGELNeOI,Ugxu_HFvI5It6O_XmPx4AaABAg,@큰차장,"set-up failed 떠서 설치가 안되네요...ㅜㅜ;
지식인에 물어봐도 소용없고요...
시간되실때 컴텨 환경설정좀 알려주시면 감사하겠습니다.

겨우 깔고 강의 듣고 잇습니다^^",,1,4년 전(수정됨),2025-11-26 17:44:08,2025-11-26 17:44:08,
yytWGELNeOI,Ugwip4Acd2-fp0lbaiV4AaABAg,@rlagusdn6763,"18:27 터미널에 cmd가 아닌 powshell이라고 되어있고, python hello.py를 입력했을때 python이 출력 됩니다..ㅠㅠ 어떻게 해야 하나요?",,1,4년 전,2025-11-26 17:44:08,2025-11-26 17:44:08,
yytWGELNeOI,Ugwvw8KC38DsprQvpBd4AaABAg,@Yippieislife,"제가 저장까지 하고 터미널에 python(""hello.py"") 라고 쳤는데 결과가 python 이라고만 떠요 어떻게 해야 되나요? 아 지금 알아냈긴 했는데 업데이트 된 버전이여서 그런지 Select Default shell이 안보여요",,0,3년 전(수정됨),2025-11-26 17:44:08,2025-11-26 17:44:08,
yytWGELNeOI,UgxrPsoTfWmGHuGLluR4AaABAg,@20_양환석,파이썬으로 해킹도 가능한가요?,,1,4년 전,2025-11-26 17:44:08,2025-11-26 17:44:08,
yytWGELNeOI,Ugx6tHhOA9fW3OGARgl4AaABAg,@김성윤-m1r,"파이썬 설치가 안됩니다.  제컴퓨터가 64비트라 64비트 껄 내려받앗고 
위에 과정 다따라해서 9:47 이장면 화면에서 초록색 바가 개미 똥구멍 만큼도 안차고 그냥 멈춰버립니다. installing 밑에는 initializing 이라고 뜨더군요 . 
그리고 거기서 이상함을 느낀 제가 캔슬누르고 x 눌러도 안꺼지길래 작업관리자 불러서 끄고 그 다음번엔 두개를 동시에 켜보고 작업관리자로 동시에 꺼봣습니다. 
이때 꺼지기 0.1초전에 에러코드 보이면서 로그파일 볼수있는 창이 나왓지만 0.1초만에 닫혀버려서 못봣구요 그다음부터는 에러코드조차 안나오더라구요 
혹시나해서 관리자 실행으로 해봣는데도 똑같이 뜨고 안되더군요 . 그래서 지금현재 윈도우 업데이트가 문제일까해서 업데이트 중입니다. ㅠㅠ",,1,5년 전,2025-11-26 17:44:08,2025-11-26 17:44:08,
yytWGELNeOI,Ugw1D4p8WWLZUuJncZV4AaABAg,@최진선-y6q,"프로그래머분이 코딩을 전혀 모르는 학생이 파이썬부터 배우면 나중에 C언어 배우기 힘들고, C언어를 배우고 파이썬을 배우면 쉽게 익힐수 있으므로 입문할때 C언어부터 하라고 하는데 정말 그런가요? 좀 더 쉬운 파이썬부터 공부하면 나중에 C언어 배우는것이 헷갈리고 더 어려운가요?",,1,5년 전,2025-11-26 17:44:08,2025-11-26 17:44:08,
yytWGELNeOI,UgyoZB-Bi7jULKUuzRZ4AaABAg,@mintjd,이거  vscode시작할때 느낌표누르고 탭을 어떻게해요?,,2,5년 전,2025-11-26 17:44:08,2025-11-26 17:44:08,
yytWGELNeOI,UgxkgrxFRbL7_8Cs22p4AaABAg,@xbskwj4876,현재 소프트웨어 업데이트 서버에서 사용할수 없기 때문에 해당 소프트웨어를 설치할수 없다고 뜨는데 어떻게 해야하나요 ㅠ,,0,4년 전,2025-11-26 17:44:08,2025-11-26 17:44:08,
yytWGELNeOI,UgwJKvtM6OtKauI1IzV4AaABAg,@wsoos9070,설치가 안되요. 이런 저런 버젼 다 설치 하려고 해고 중간에 락 걸린 것처럼 진행이 안됩니다.,,0,3년 전,2025-11-26 17:44:08,2025-11-26 17:44:08,
yytWGELNeOI,UgyiM0AyiM8UpGnHr814AaABAg,@찹쌀-o3o,"다른 댓글에서 답변 주신 거 참고해서 디폴트를 파워쉘에서 cmd로 바꾸었는데도 계속 python hello.py하면 Python이 나오네요ㅠㅠ 그전까진 똑같이 따라했는데 뭐가 문젠지 모르겠어요,,",,0,4년 전,2025-11-26 17:44:08,2025-11-26 17:44:08,
yytWGELNeOI,UgyFsZk_kFlEHiUQRSB4AaABAg,@bananass7379,파이썬 하는데 계속 전에 저장되었던 내용이 나오고 재생을 누르면 파일이름만 나오는디 해결법 없을까요?,,0,4년 전,2025-11-26 17:44:08,2025-11-26 17:44:08,
yytWGELNeOI,Ugxjlu8kW2YZvNCVni14AaABAg,@user-zerovideos,Vs code에서 파이썬 코드 입력하고 실행해면 파일 이름만 뜨고 실행이 안됩니다ㅠㅠ,,0,3년 전,2025-11-26 17:44:08,2025-11-26 17:44:08,
yytWGELNeOI,UgxAI-J2PKWG4OGljXZ4AaABAg,@하얗쿤,pylint 인스톨 도중 Preparing wheel metadata ... error 이렇게 에러가 생깁니다 해결방법 알려주실수 있을까요?,,0,4년 전,2025-11-26 17:44:08,2025-11-26 17:44:08,
yytWGELNeOI,Ugx8zm_sOxvtcSSAxqp4AaABAg,@퐁핑핑-q9w,파이썬 설치를 했는데 윈도우창에 idle 검색해보니까 없어요..이런 경우에는 어떻게 햐결해야되나요?,,2,4년 전,2025-11-26 17:44:08,2025-11-26 17:44:08,
yytWGELNeOI,UgwrEbbJidiVsh66qfR4AaABAg,@포포는그새,"파이썬을설치했는데 한글이90°기울려진체로 출력됩니다
버전문제인것같아서 버전도 바꿔서 해봤는데 안고쳐져요 해결방법좀알려주세요",,0,4년 전,2025-11-26 17:44:08,2025-11-26 17:44:08,
yytWGELNeOI,Ugy4bOiLMYHoihEtJrp4AaABAg,@bcstudy4581,질문이 있는데요! C:\jocoding>python 으로 되야하는데 PS C:\jocoding python 으로 되면 어떻게 해야 하죠?,,1,4년 전,2025-11-26 17:44:08,2025-11-26 17:44:08,
yytWGELNeOI,Ugzkj3wRl1Tu_Yqe0eJ4AaABAg,@신녕은-u3q,vscode 다운로드가 안될때는 어떡하나요 ㅠㅠ 시간도엄청오래걸리고 다운로드중 오류가뜨고 완료가안됩니다 ㅜㅜ,,0,4년 전,2025-11-26 17:44:08,2025-11-26 17:44:08,
yytWGELNeOI,UgxmFJ9MB_qo-4_qZCt4AaABAg,@hjchoi2063,18:47에서 Run Python in Termianl 아이콘이 안 보이는데 어떻게 해야하나요???,,1,4년 전(수정됨),2025-11-26 17:44:08,2025-11-26 17:44:08,
yytWGELNeOI,Ugz06IhZq1hFtNJ_EEZ4AaABAg,@kaitlynqhkzla,"파이썬 처음 설치할때 64비트로 깔리던데, 32비트로 바꾸려면 어떻게 해야하나요??ㅠㅠ",,2,5년 전,2025-11-26 17:44:08,2025-11-26 17:44:08,
yytWGELNeOI,Ugzh87SmYLeItKQ1f6x4AaABAg,@융듀릅,새로운파이썬 파일 추가를 눌러도 파이썬으로 저장이 안되네요...ㅜㅜ 설정이 잘못된걸까요?,,0,4년 전,2025-11-26 17:44:08,2025-11-26 17:44:08,
yytWGELNeOI,UgynxALL3nwtqepmBbB4AaABAg,@seongjinkang5088,1빠 입니다 !,,1,5년 전,2025-11-26 17:44:08,2025-11-26 17:44:08,
yytWGELNeOI,Ugy02oIwfbMno9nrnyh4AaABAg,@밀키스-p9r,"이거 다들으면대학교1학기꺼
따라갈수있을까요?ㅠ",,1,4년 전,2025-11-26 17:44:08,2025-11-26 17:44:08,
yytWGELNeOI,UgygRqdMsW0_zeGf9Hh4AaABAg,@whowho0726,cmd 에서 c드라이브가 아닌 d 드라이브로 이동은 안돼나요?/,,1,4년 전,2025-11-26 17:44:08,2025-11-26 17:44:08,
yytWGELNeOI,UgwgyDsQV0LX4rG3h014AaABAg,@se2-r2i,18:28 여기서 python이라고 치니까 노란색으로 되고 hello.py 해도 그냥 답장이 python 이라고 밖에 안떠요 ㅠㅠ,,0,3년 전,2025-11-26 17:44:08,2025-11-26 17:44:08,
yytWGELNeOI,UgySeLlBudSW59GefH94AaABAg,@aeng-ju,new terminal 에서 cmd는 없고 powershell 밖에 없슴니다. ㅜㅜ 그래서 그런지 python 파일이름.py 를 실행시켜도 원하는 값이 출력안되고 Python이라고만 출력되네요 ㅜㅜ 무슨 문제 일까요? ㅜㅜ 도와주세요,,1,4년 전,2025-11-26 17:44:08,2025-11-26 17:44:08,
yytWGELNeOI,Ugwzo4APnEkCBqCgjgN4AaABAg,@Rooker08,IDLE python을 저장할때 파일은 만들어졌지만 권한이 없다고 저장이 안됩니다.,,1,4년 전,2025-11-26 17:44:08,2025-11-26 17:44:08,
yytWGELNeOI,UgziRVXbgQYokUkw2Ax4AaABAg,@이두현-j2w,"질문있습니다! 
1-6 14:15 에서
노트북이 c드라이브가 없어서 idle에서 print(""hello"")적은 뒤에 저장하려고 하는데 대신 ASUS에 저장하겠냐고 해서 하겠다고 하니까 저장할 권한이 없어서 관리자한테 물어보라고 하고 대신 ASUS에 저장하겠냐고 뜹니다. 그래서 저장한 뒤에 IDLE 파일명?이 C:/Users/ASUS/doo.py로 떠서 파일 위치를 아니까 visual studio code 켜서 파일을 불러오려하는데 파일이 없습니다. 파일이 왜 안 뜨는지도 모르겠고, 이런 경우는 어떻게 해야하는지 궁금합니다!",,0,4년 전,2025-11-26 17:44:08,2025-11-26 17:44:08,
yytWGELNeOI,Ugw3lX13QYx0pgCyqqZ4AaABAg,@Chordwest,"노트패드++ 에서 Nppexec 플러그인 설치가 안됩니다
하려고 하면 꺼졌다가 갑자기
'the plugin package is not found' 
이 뜹니다 ... 아... 어떡하죠??",,0,4년 전(수정됨),2025-11-26 17:44:08,2025-11-26 17:44:08,
yytWGELNeOI,UgzDYgY3htikBfQ6IeJ4AaABAg,@원신-z8c,저 프레이선스 그거 실행이 안되는데 어떻게 하나요?,,0,4년 전,2025-11-26 17:44:08,2025-11-26 17:44:08,
yytWGELNeOI,Ugy5E7c5Xafrh-p-nk94AaABAg,@구름돼지-m8x,파이참 써도 뒤에 강의 듣는데 문제 없을까요?,,1,5년 전,2025-11-26 17:44:08,2025-11-26 17:44:08,
yytWGELNeOI,Ugz_H_ZBYdqyMTAksJl4AaABAg,@essenkim5248,"cs code를 실행하면 ""Extension activation failed, run the 'Devloper:Toggle Devloper Tools' command for more information.""이란 메시지가 뜨고요  제일 하단 프레임에 ""Python extension loading...""이란 메시지가 뜨면서 계속 loading이 진행되고 있구요, 무시하고 run 실행버튼 누르면 ""command 'python.execlnTerminal-icon' not found가 뜨네요ㅠㅠ
물론 extension을 삭제했다가 다시 깔기도 했는데 계속 그러네요.",,0,4년 전,2025-11-26 17:44:08,2025-11-26 17:44:08,
yytWGELNeOI,Ugw8i18DB8feUV-6D7R4AaABAg,@songgahyeon,문과가 하기엔 너무 어려워요~~~,,1,4년 전,2025-11-26 17:44:08,2025-11-26 17:44:08,
yytWGELNeOI,UgxnE-96J9Mlm9V1eRR4AaABAg,@마요-s2g,"혹시 powershell 에서 ""pip install 머시기"" 쓸때 콜렉팅 하고 다 깔릴때쯤 [WinError 5] 액세스가 거부되었습니다: 'c:\\program files (x86) 머시기 같은 오류는 어케 해결해야하나요??",,1,4년 전,2025-11-26 17:44:08,2025-11-26 17:44:08,
yytWGELNeOI,Ugxce__gNVNFCvHi4M54AaABAg,@DdDd-wr8dk,"초딩고학년인데 파이썬배우는학원가면 배울수있을까요?1도몰라서요
너무비싸드라고요학원",,1,4년 전(수정됨),2025-11-26 17:44:08,2025-11-26 17:44:08,
yytWGELNeOI,UgywPSMj_gqhOKhVyjF4AaABAg,@이석철-c4e,사이트만들고 회원가입은 어떻게 만들어요?,,0,1년 전,2025-11-26 17:44:08,2025-11-26 17:44:08,
yytWGELNeOI,UgxAmnlyZO_dO1zu6854AaABAg,@happyhappykeke,"현
형 여쭤볼게잇는데요

VS CODE 내 터미널에서 python hello.py를 실행햇는데
Python : the term ‘python’ is not recognized as the name of a cmdlet, fuction, script file, or operable program. Check the spelling of the name , 등등 써있는데요.
그래서 이거을 터미널 우측에 여러개를 선택할 수 있는칸에서 원래 python으로 되있던것을 cmd로 변경해서 했을때는 Manage app execution alliases 에서 turn off하라는 글을 봐서 햇는데도 똑같은 오류가 발생하다가 명령어를 python hello.py 가 아닌 py hello.py로 입력하니까 실행됐습니다. 이게 터미널에서 python을 선택하냐 cmd를 선택하냐의 문제인가 하고 둘다에서 py hello.py를 실행했을때 문제가 없었는데 뭐가 문제인걸까요 ㅠㅠ

그리고 추가로 형 터미널은 파이선으로 선택되어있는 상태이고, 명령어 첫부분은 항상 c:\jocoding 이런식으로 가는데 저는 동일한 환경에서 ps c:\jocoding 이런식으로 시작됩니다ㅠ 저 ps는 오떻게 없애야할까요?..",,1,4년 전,2025-11-26 17:44:08,2025-11-26 17:44:08,
yytWGELNeOI,UgzAPnTs7c6tsIyOFOh4AaABAg,@호이-i8n,파일썬을 깔고 뭘 눌렀는데 파일썬이 영어에서 한국어로 됐더라고요.. 다시 영어로 바꾸는 방법 아시나요??,,1,3년 전,2025-11-26 17:44:08,2025-11-26 17:44:08,
yytWGELNeOI,Ugwq-p31eO45OXEUqwV4AaABAg,@winter801,저 파이썬으로 html할수있나요? Css도 할수있나요?,,1,4년 전,2025-11-26 17:44:08,2025-11-26 17:44:08,
yytWGELNeOI,UgyrxuioaehsdMipey14AaABAg,@hwa1006,설치하고 add python 3.8 to path 가 안 나오는데 이유를 알 수 있을까요 ㅠㅠ,,1,4년 전,2025-11-26 17:44:08,2025-11-26 17:44:08,
yytWGELNeOI,Ugz7w4uozUXrgULLw194AaABAg,@희희-f9j,안녕하세요 완전 생초보 비전공자입니다 좋은 영상 감사합니다. 터미널에서 python hello.py치고 엔터눌렀는데 왜 python라는 글자가 출력(맞는표현인가요;;?) 되네요 왜 그럴까요ㅠㅠ,,1,4년 전,2025-11-26 17:44:08,2025-11-26 17:44:08,
yytWGELNeOI,Ugy0OsA9Tdvsnjw1gNJ4AaABAg,@chymmm,32bit파이썬 버전은 이름이 뭔가요?,,1,4년 전,2025-11-26 17:44:08,2025-11-26 17:44:08,
yytWGELNeOI,UgxFHsw4By83glTwx2t4AaABAg,@heacking1,문의사항이 있습니다. Vscode 설치후 간단 파이썬 turrle 앞으로 50  으로 하고  실행했는데 순식간에 실행되고 창이 사라졌습니다. 이거 어떻게 해결해야 할까요?,,1,5년 전,2025-11-26 17:44:08,2025-11-26 17:44:08,
yytWGELNeOI,UgxnuqeVRnhimYC4u4R4AaABAg,@qawsedrf-ep1ql,왜 뉴 터미널 생성하니까 1.python 2.powershell 만 뜨고 cmd가 안뜨나요?? 그리고 둘다 c: 앞에 ps가 붙어있어요 이건 뭐죠?,,0,4년 전,2025-11-26 17:44:08,2025-11-26 17:44:08,
yytWGELNeOI,UgzPAaDEorapL-RHtfF4AaABAg,@neoneo8317,맥 프로에서는 파이썬 설치 불가안가요?,,1,5년 전,2025-11-26 17:44:08,2025-11-26 17:44:08,
yytWGELNeOI,UgxOZ9ph1U_QGw1SYRl4AaABAg,@쭈아-n7x,맥북에는 윈도우키가 없는데 어떻게 해야하는 건가요ㅠ,,1,4년 전,2025-11-26 17:44:08,2025-11-26 17:44:08,
yytWGELNeOI,Ugwmgd4uiSQBw8_fht14AaABAg,@ajae_guitar572,lint 종류는 많은데 py를 붙이면 없다고 나오네요 ?? ㅠㅠ,,1,4년 전,2025-11-26 17:44:08,2025-11-26 17:44:08,
yytWGELNeOI,UgxHdCBSuf6VcUO6-6R4AaABAg,@leeeeeeeeeeeeeeeeee,소프트웨어는 어떤언어가 좋나요?,,0,4년 전,2025-11-26 17:44:08,2025-11-26 17:44:08,
yytWGELNeOI,UgwBSgi57JWFj9oqlQp4AaABAg,@jy-1907,Open folder 했던 폴더를 다른 폴더로 바꾸고 싶은데 어떻게 해야 할까요 ?,,0,4년 전,2025-11-26 17:44:08,2025-11-26 17:44:08,
yytWGELNeOI,UgxKcrLSTmdNIoeJYLt4AaABAg,@vipstar3,인스톨하니까 64비트 깔리는데 32비트로 깔려면 어떻게 해야 하나요,,1,5년 전,2025-11-26 17:44:08,2025-11-26 17:44:08,
yytWGELNeOI,UgwjC5FB4nUniYrzIZd4AaABAg,@평화안정기원,py가 설치 안 되는데 어떡하죠?vscode 말이예요.,,0,4년 전,2025-11-26 17:44:08,2025-11-26 17:44:08,
yytWGELNeOI,UgyAOu3vw7jhNsoXYD54AaABAg,@노다람,지금 최신 버전이 3.9인데 윈도우 7이랑 호환이 안된다네요 ㅠㅠ 다른 방법있을까요?,,1,5년 전,2025-11-26 17:44:08,2025-11-26 17:44:08,
yytWGELNeOI,UgyrehRen76HjpGSeEp4AaABAg,@lydoo8322,"18:35  여기처럼 python hello.py 쳤는데 python만 나오고 안되서 runplay python file 로 실행하니까 이렇게 되네요 PS C:\python> & C:/Users/xxxx/AppData/Local/Programs/Python/Python310/python.exe c:/python/hello.py
hello
PS C:\python>  이거 파일위치 바꿔야하나요? 바꿔야 하면 어디서 바꾸죠?",,0,3년 전,2025-11-26 17:44:08,2025-11-26 17:44:08,
yytWGELNeOI,UgzuhdsilZZ341WivWR4AaABAg,@썩영왕,새로운 크로스 플랫폼 PowerShell 사용 https://aka.ms/pscore6 이라고 뜨면 어떻게 하나요?,,1,4년 전,2025-11-26 17:44:08,2025-11-26 17:44:08,
yytWGELNeOI,UgxqlX_5ENLaWE2GJpV4AaABAg,@kakhi0513,다른이름으로 저장은 어떻게 하나요 ㅠ,,1,3년 전,2025-11-26 17:44:08,2025-11-26 17:44:08,
yytWGELNeOI,UgxRW53E73mOrKGQ27V4AaABAg,@bora4302,"앱 만들고 싶은데 넘 어렵네요
조코딩님께 맡기고 싶은데.. 안되겠죠??",,0,5년 전,2025-11-26 17:44:08,2025-11-26 17:44:08,
yytWGELNeOI,UgymnqnrNq8F71gaS5R4AaABAg,@white-blood-shark,댓글 따라하다가 컨트롤하고 쉬프트누르고 플러스눌렀더니 화면이 커졌어요..도와주세요 ㅠㅠ,,1,5년 전,2025-11-26 17:44:08,2025-11-26 17:44:08,
yytWGELNeOI,UgwdnP44EjWFeD0n4Ml4AaABAg,@Flexer._.26,20:08 터미널에 python이라고 쓰면 마소 스토어가 나오고 거기서 파이썬을 깔라고 나오네요;; 이미 파이썬은 깔았는데;;,,4,5년 전,2025-11-26 17:44:08,2025-11-26 17:44:08,
yytWGELNeOI,UgwzJtJi2ksl3Mw7fo54AaABAg,@이우성-q8l,Visual studio code 다운로드 눌렀는데 왜 설치파일이 안뜰까요ㅠㅠ아무것도 안떠서 진행이안되네요,,0,4년 전,2025-11-26 17:44:08,2025-11-26 17:44:08,
yytWGELNeOI,Ugz82fkkKyIiRl2Yfth4AaABAg,@제성고-m3m,터미널 새로 만들고 하는 과정에서 powershell로 돼있어서 cmd로 바꾸고 해봤는데 python hello.py를 누르니까 cmd가 AppInstallerPythonRedirector로 바뀌고 실행이 안되는데 어떻게 해결하나요..,,1,5년 전,2025-11-26 17:44:08,2025-11-26 17:44:08,
yytWGELNeOI,UgxQYpm0L3kxsSECi-F4AaABAg,@영숙엄-k7g,왜 1과0  밖에 쓸수 밖에 없나요?,,0,3년 전,2025-11-26 17:44:08,2025-11-26 17:44:08,
yytWGELNeOI,UgykwNTW9TXr-odl5ml4AaABAg,@anna-mk9cm,"terminal에 파일명 쓰고 엔터 치면 왜 (""hello"") -> hello 로 안나오고 python 이라고 나오는걸까요?ㅠㅠㅠㅠ",,1,4년 전,2025-11-26 17:44:08,2025-11-26 17:44:08,
yytWGELNeOI,UgwSS4yJ0BDyJPjVoMR4AaABAg,@chan-seungjoun8546,오른쪽 위에 시작하기 버튼이 없는데 그건 어떻게 뜨게 하는 건가요?,,1,5년 전,2025-11-26 17:44:08,2025-11-26 17:44:08,
yytWGELNeOI,UgwpSd80ycnj9ek0Mx54AaABAg,@7soo632,편집이 빨라서 비전공자가 따라가기 조금 버겁네요 ㅜㅜ,,2,4년 전,2025-11-26 17:44:08,2025-11-26 17:44:08,
yytWGELNeOI,Ugx2CSiK2oTm3ZSFsyJ4AaABAg,@Nulkistudio,명령 프롬프트 창에서 파이썬 프로그램을 실행하는데 자꾸 지정된 경로를 찾을수 없다고 떠요ㅜㅜ 글씨가 틀린 것도 아니고 10번은 확인하면서 했는데도 계속 안되네요.. 왜그럴까요?,,1,4년 전,2025-11-26 17:44:08,2025-11-26 17:44:08,
yytWGELNeOI,Ugy2PaHfguJq-_nlsEV4AaABAg,@Qwertyzxcvuiop,확실히 파이썬이 딴거보다 어렵진 않은거 같네,,3,5년 전(수정됨),2025-11-26 17:44:08,2025-11-26 17:44:08,
yytWGELNeOI,UgzETP38yDopLin0YvF4AaABAg,@user-kn8pb8bv4x,파이썬을 설치하고 실행하고 나면 무슨 서버를 선택하라고 나오는데 그건 뭔가요?,,1,4년 전,2025-11-26 17:44:08,2025-11-26 17:44:08,
yytWGELNeOI,UgySYJfEUEtEYep0SAt4AaABAg,@SmoonUsun,저 실수로 비주얼스튜디오 깔려있는데 다시 깔기 버튼을 눌러서 계속 안 켜지는데 어떻게 해결하나요?,,1,4년 전,2025-11-26 17:44:08,2025-11-26 17:44:08,
yytWGELNeOI,UgwQzhkPn0zmDgJxmgN4AaABAg,@Ryan-ck2jb,"방종시간 땡땡땡!
저는 manse samdori 였지만 닉변했....어요....수고하셨슴다",,1,5년 전,2025-11-26 17:44:08,2025-11-26 17:44:08,
yytWGELNeOI,UgwQtgLbIRJMsGBK9Vt4AaABAg,@수민-i1o,"전 왜 터미널 창에서 python Hello.py를 입력하면 Hello라고 잘 뜨는데 오른쪽 위에 실행버튼 누르면 ""&은(는) 예상되지 않았습니다."" 이렇게 뜨네요... 뭐가 문제일까요..?",,1,4년 전(수정됨),2025-11-26 17:44:08,2025-11-26 17:44:08,
yytWGELNeOI,UgyLmePKSRf4qHhmWZZ4AaABAg,@이재성-f2z,컴파일런 어셈블리언어로 바꺼줌 머신코든 딴놈이바꺼주는거,,0,3년 전,2025-11-26 17:44:08,2025-11-26 17:44:08,
yytWGELNeOI,UgxexDigKIpQgeOTooJ4AaABAg,@filxlie9781,pylint는 안나오네요.,,1,4년 전,2025-11-26 17:44:08,2025-11-26 17:44:08,
yytWGELNeOI,UgyRoJe704KhLWJwRE54AaABAg,@lee-q2n1z,파이썬 iPad OS에선 안 돌아가나요?,,1,5년 전,2025-11-26 17:44:08,2025-11-26 17:44:08,
yytWGELNeOI,UgyG_RET7jZgyflOrVh4AaABAg,@해구달,python hello.py를 입력해도  print에 있는게 안나오고 python 만 뜹니다....어떻게 해야하나요?,,1,4년 전,2025-11-26 17:44:08,2025-11-26 17:44:08,
yytWGELNeOI,UgzGSiVUozujQQqhSqp4AaABAg,@Dinpl-o8h,근데 C드라이브가 맥북에도 있나요? 제가 맥북을 쓰는데 코딩을 시작했거든요..그런데 C드라이브가 어디있는지 모르겠어요.,,1,4년 전,2025-11-26 17:44:08,2025-11-26 17:44:08,
yytWGELNeOI,Ugw60o6tlU5T-eNnewx4AaABAg,@정태훈-t2i,실수로 64비트 다운받앗는데 32비트로 어떻게 바꾸나요 또 64로 다운받으면 나중에 32비트만 할수있는 뭔가가 있는건가요?,,1,5년 전,2025-11-26 17:44:08,2025-11-26 17:44:08,
yytWGELNeOI,UgxoOoTekoOoyfz_boF4AaABAg,@stephon-seong,아이맥에서도 구동이 되나요?,,0,1개월 전,2025-11-26 17:44:08,2025-11-26 17:44:08,
yytWGELNeOI,UgxnlyvZVbpXeFh8xaB4AaABAg,@Kchobi,터미널에서 python hello.py를 누르면 python 이 출력됩니다. 뭐가 잘못 된거죠? ㅎㅎ 강의 잘 보겠습니다.,,0,4년 전,2025-11-26 17:44:08,2025-11-26 17:44:08,
yytWGELNeOI,UgzRywyq0WSZR7-5lup4AaABAg,@방진복생활화,사용언어를 한글에서 다시 영어로 변환하고 싶은데 어떻게 하죠?,,0,4년 전,2025-11-26 17:44:08,2025-11-26 17:44:08,
yytWGELNeOI,UgyK44T9MoiLK8pDbHx4AaABAg,@성자-t3z,선생님 터미널 버튼 눌러서 뉴 터미널 눌러도 cmd 창이 안나와요,,1,5년 전,2025-11-26 17:44:08,2025-11-26 17:44:08,
yytWGELNeOI,Ugxshkyg99pOB8grU-d4AaABAg,@망테크아조씨,제건 run표시가 없어요 창에 ㅠㅠ,,0,4년 전,2025-11-26 17:44:08,2025-11-26 17:44:08,
yytWGELNeOI,UgxBTOuExiqeTSe5D6p4AaABAg,@김진석-g6s,Terminal에 python hello.py 치면 밑에 python이 나옵니다 왜그런거죠 ㅜㅜ,,1,4년 전,2025-11-26 17:44:08,2025-11-26 17:44:08,
yytWGELNeOI,UgwfUxdsekg4Fg2YCpp4AaABAg,@sk-ss8ks,cmd 에서 c드라이브의 제 제 파일로 이동후  python hello.py를 쳤는데 hello가 나오지 않습니다. ㅜㅜ,,1,5년 전,2025-11-26 17:44:08,2025-11-26 17:44:08,
yytWGELNeOI,Ugztpd116bPgIL3MP0t4AaABAg,@jfeels91,"problems 창에 "" invalid syntax (<unknown>, line 1)  "" 이렇게 뜨는데 뭐가 잘못된 걸까요???",,1,5년 전,2025-11-26 17:44:08,2025-11-26 17:44:08,
yytWGELNeOI,Ugw8KiQ6CRz9L-z6l8x4AaABAg,@하양앙마-s4w,첫날 연습할때는 오른쪽 상단에 초록색 화살표가 있었는데요.. 지금은 없어졌어요.. 다시 활성화하는 방법좀 부탁드려요... 찾아도 제 눈에 안보이네요..-ㅡㅡ;;;;,,0,4년 전,2025-11-26 17:44:08,2025-11-26 17:44:08,
yytWGELNeOI,UgyFlp2m6CPFZRlJu054AaABAg,@안아줘요선생,vscode가 마켓플레이스에 연결이 되지 않던데 왜 그런가요?,,1,4년 전,2025-11-26 17:44:08,2025-11-26 17:44:08,
yytWGELNeOI,UgxaIXQx0b9ctXlb2Sd4AaABAg,@소눈알-d7q,파이썬강의 1:1초보만,,1,3년 전,2025-11-26 17:44:08,2025-11-26 17:44:08,
yytWGELNeOI,Ugzb24EelHAYDFwF9HF4AaABAg,@불린찹쌀,VScode에서 명령어를 입력하고 실행을 하려고 했더니만 어떤 창이 떴다가 사라지고 실행결과도 안나와요 왜 이러는건가요??,,1,3년 전,2025-11-26 17:44:08,2025-11-26 17:44:08,
yytWGELNeOI,Ugw8jWp-ebAZdkKJE3J4AaABAg,@GUNI923,"조코딩님 VScode 최신버전에서 파이썬을 실행시키면 The extension 'Python' took a very long time to complete its last operation and it has prevented other extensions from running.라고 나와요.
실행도 지연되요 ㅠㅠ 어떻게 할까요?
VScode도 삭제했다가 다시설치하고, 파이썬도 다시 깔았는데도 계속그래요 ㅠㅠ",,0,4년 전,2025-11-26 17:44:08,2025-11-26 17:44:08,
yytWGELNeOI,UgwvOjSdvHdOrnhINxx4AaABAg,@ABAD312,"조코딩님~^^
파이션을 통해 업무자동화도 가능한가요?",,1,4년 전,2025-11-26 17:44:08,2025-11-26 17:44:08,
yytWGELNeOI,UgwnuUvxQHkHs6JI7Hd4AaABAg,@김형준-n6g,혹시 제 거에는 그대로 따라했는데 저 RUN버튼이 나오질 않는데 이유 알수 있을까요? ㅠㅜㅜㅜ,,1,4년 전,2025-11-26 17:44:08,2025-11-26 17:44:08,
yytWGELNeOI,Ugw2WsdlkwVIvGpSdWx4AaABAg,@11137878,파이썬이나 이나 vs코드 회사에서 무료 사용 가능하나요?,,0,3년 전,2025-11-26 17:44:08,2025-11-26 17:44:08,
yytWGELNeOI,Ugyte_FO4gcOQsSyboN4AaABAg,@46기이상률,"hello.py  위에 
자꾸 vscode 뜹니다.",,0,4년 전,2025-11-26 17:44:08,2025-11-26 17:44:08,
yytWGELNeOI,Ugy3-UhAXP7t0qCdUIZ4AaABAg,@나는야공룡-g2q,vs code에서 pylint를 다운받을때 계속 에러가 뜨는데 어떻게 해야 하나요?,,1,5년 전,2025-11-26 17:44:08,2025-11-26 17:44:08,
yytWGELNeOI,UgwVJ-9ZtK9-uPPHHUp4AaABAg,@가영-r6l,16:19,,0,3년 전,2025-11-26 17:44:08,2025-11-26 17:44:08,
yytWGELNeOI,UgwVnCEOxJa1fiJQsjt4AaABAg,@z__on,💻,,1,5년 전,2025-11-26 17:44:08,2025-11-26 17:44:08,
yytWGELNeOI,UgyJYT1HIiK3eaGheVF4AaABAg,@고기-o6i,pylint 인스톨 할려고 하는데 오류가 나요 인터넷 찾아보면서 별짓 다 했는데도 인스톨이 안되네요...,,1,5년 전,2025-11-26 17:44:08,2025-11-26 17:44:08,
yytWGELNeOI,UgxYam18uftSNENZzkF4AaABAg,@kevinhwang485,IDE까지 다운받았는데 파이썬도 다운받았는데 실행이 안돼요ㅠㅠ,,1,5년 전,2025-11-26 17:44:08,2025-11-26 17:44:08,
yytWGELNeOI,Ugx29GV5AObtYHuoMBZ4AaABAg,@안아줘요선생,취미로 개발한언어 수준이...,,6,5년 전,2025-11-26 17:44:08,2025-11-26 17:44:08,
yytWGELNeOI,UgzekYnhb5oGqMzxPv94AaABAg,@이재준-m2z4f,"vscode로 c드라이브가 아닌 다른  Z드라이브(임의, 램디스크)에 open folder로 한게 아니라 vscode 첫 실행시 new file로 해서 z드라이브에 Untitled-3.py 라는 파일로 만들어졌습니다. 이렇게 하고 터미널에서 python untitled-3.py 하면 그 다음줄에 빈공간 한줄 생기고 그 다음줄에 z:\> 가 표기됩니다.
처음엔 파워쉘로 해서 안되나보다 하고 직접 파워쉘로 들어가서 명령어 치면 정상적으로 hello 가 나오고 명령프롬프트 상에서도 동일하게 되고 해서

네이버 검색후 default shell을 cmd로 바꿔주고 터미널 다시 만들고 동일하게 vscode에서 실행시 한줄이 빈공간으로 나옵니다.

어디가 잘못된건가요?",,0,5년 전,2025-11-26 17:44:08,2025-11-26 17:44:08,
yytWGELNeOI,UgzXiDqeLwa8Gsbis0d4AaABAg,@엄이야코,Visual studio code 다운로드를 눌러도 설치파일이나 그런게 아무것도 안뜨는데 방법있을까요? ㅠㅠ,,0,4년 전,2025-11-26 17:44:08,2025-11-26 17:44:08,
yytWGELNeOI,UgyCXiUGOn8LSIDYOpN4AaABAg,@50minutes397,run버튼이 없어요유ㅠ,,1,4년 전,2025-11-26 17:44:08,2025-11-26 17:44:08,
yytWGELNeOI,UgxK__gl6NVOyzLTVc54AaABAg,@jfeels91,터미널에서 python hello.py 해도 아무런 결과값이 나오지 않습니다. 뭔가 잘못 된 거 같은데 어디가 문제인지 모르겠어요....,,1,5년 전,2025-11-26 17:44:08,2025-11-26 17:44:08,
yytWGELNeOI,UgxanpoSxhV_CNQyCQ14AaABAg,@sargook6979,맥북프로 쓰는데 그 돈표시가 없어서 cmd에서 뭘 못합니다... 방법이 없을까요?,,0,4년 전,2025-11-26 17:44:08,2025-11-26 17:44:08,
yytWGELNeOI,UgwBZ5iLcI_LUJVZohJ4AaABAg,@HAN-v5e,18:30에 하는 terminal에 python hello.py를 치면 결과가 hello가 아니라 Python이 계속 나와요! 그냥 대수롭지 않게 넘어가고 공부했는데 지금 마지막 전 챕터인데 문제푸는데 중요한거였네요 ㅠㅠ 뭐가 문제일까요,,0,4년 전,2025-11-26 17:44:08,2025-11-26 17:44:08,
yytWGELNeOI,Ugznh-T9So_B7jhFChR4AaABAg,@user-ds3jy2js5p,다운이 안돼용 ㅠㅠ,,1,4년 전,2025-11-26 17:44:08,2025-11-26 17:44:08,
yytWGELNeOI,UgzzcWAnwl6Faio1_ZV4AaABAg,@민즈,32비트 아니면 안돼는 건가요?,,0,4년 전,2025-11-26 17:44:08,2025-11-26 17:44:08,
yytWGELNeOI,Ugzj7MRc-4ujdaXy4D54AaABAg,@사파이어-m9o,저는 Terminal에서 python hello.py가 안돼요 ㅜ,,1,4년 전,2025-11-26 17:44:08,2025-11-26 17:44:08,
yytWGELNeOI,UgxZRZtgETnOC0lVx9t4AaABAg,@축신,"파이썬과 VS 다른 웹프로그래밍 언어
똑같은 홈페이지를 만든다고 했을 때
속도차이가 30퍼센트 이상 차이나나요?",,2,5년 전,2025-11-26 17:44:08,2025-11-26 17:44:08,
yytWGELNeOI,UgxgdbW3lXk5ca_dGzt4AaABAg,@eunseokim7289,이번 학기 대학교 교양으로 신청했는데 공대랑 1도 관련없어도 할 수 있겠죠..?ㅠㅠ,,2,5년 전,2025-11-26 17:44:08,2025-11-26 17:44:08,
yytWGELNeOI,Ugyrsf4vArczPpApk5h4AaABAg,@yuhyeon11,8:55,,0,2년 전,2025-11-26 17:44:08,2025-11-26 17:44:08,
yytWGELNeOI,Ugyvs7KwHgZi9t1Gzpt4AaABAg,@yeol_yeol_yeol,"32bit 62bit가 무슨 말인가요??
정확하게 알려주시면 감사하겠습니다..ㅠㅠㅠ
(전 64bit다운 받았졌는데 상관 없나요??)",,0,4년 전(수정됨),2025-11-26 17:44:08,2025-11-26 17:44:08,
yytWGELNeOI,Ugzurae_VoeZD4_yxIl4AaABAg,@안녕-s9l7o,"조코딩님 파이썬 파일을 저장하고 실행 할려고 하면 VCRUNTIME140D.dll이(가) 없어 코드 실행을 진행할수 없습니다. , ucrtbased.dll이(가) 없어 코드 실행을 진행할수 없습니다.  
라고 뜹니다.. 오류를 해결할 방법이 있을까요.?",,0,4년 전,2025-11-26 17:44:08,2025-11-26 17:44:08,
yytWGELNeOI,UgwTyKGyak0KR8iVfv14AaABAg,@Everydayear365,"런을 눌러면 실행이 돼는데 명령어로 치면 안됍니다 어떻게 된건지 아시는 분 구합니다
제가 코딩에 ㅋ자도 몰라서요",,0,4년 전(수정됨),2025-11-26 17:44:08,2025-11-26 17:44:08,
yytWGELNeOI,Ugw0spPV9Dcm9aaUQFx4AaABAg,@bdosoauwgxjx9pwkshdudy,중학생인데 너무재밌다ㅎㅎ,,0,4년 전,2025-11-26 17:44:08,2025-11-26 17:44:08,
yytWGELNeOI,UgzbtrepXrcHfHZ-G3N4AaABAg,@이준희-f9u,파일 저장이 안돼여ㅕㅕㅕㅕ 어떻해요,,1,5년 전(수정됨),2025-11-26 17:44:08,2025-11-26 17:44:08,
yytWGELNeOI,UgxrBWzMinDdygW-PiR4AaABAg,@드푸-j2t,"3.9.1 64비트로 설치했는데
python.exe hello.py 라고  .exe 붙여야 밑에 실행결과 뜨네요",,0,4년 전,2025-11-26 17:44:08,2025-11-26 17:44:08,
yytWGELNeOI,Ugy2GYM3-dnIjALnKhd4AaABAg,@꿈드림-y3p,이상해요 하이하이가 않나오고 파이썬이 나와요,,1,4년 전,2025-11-26 17:44:08,2025-11-26 17:44:08,
yytWGELNeOI,Ugya-k3ZiYS16Q8jV1p4AaABAg,@2448su,이거 책사서 혼자 배울수있나요?,,2,4년 전,2025-11-26 17:44:08,2025-11-26 17:44:08,
yytWGELNeOI,UgzjzuxS6c_jAReIlLF4AaABAg,@민즈,비쥬얼 스튜디오에서 안돼요ㅠㅠㅠㅠㅠ,,0,4년 전,2025-11-26 17:44:08,2025-11-26 17:44:08,
yytWGELNeOI,Ugz2eBeoscCGNaCWUG94AaABAg,@jaydenshin8809,New terminal 눌렀더니 뭐가 안된다고 뜨네요.,,0,5년 전,2025-11-26 17:44:08,2025-11-26 17:44:08,
yytWGELNeOI,UgyNWZEDXQbCzJiQegp4AaABAg,@콩이랑콩콩,"안녕하세요 조코딩님
영상 잘 보고 있습니다^^
터미널에 문제로 invalid syntax(<unknown>,line1) pylint(syntax-error)[1,9]
라고 뜨는데 앱에 검색하면 pylint가 없고 pip install pylint 도 뜨지 않네요 왜그런건가요^^:; 감사합니다.",,1,4년 전,2025-11-26 17:44:08,2025-11-26 17:44:08,
yytWGELNeOI,UgyE2pih2P7ysP3xIvZ4AaABAg,@키무-u1q,idle 파일이 안 열려요... 오류인가요.?,,0,4년 전(수정됨),2025-11-26 17:44:08,2025-11-26 17:44:08,
yytWGELNeOI,UgydzIT4NqBO8YdNTXt4AaABAg,@whoareyou-llll,왜 3.9.1은 다운로드를 받아도 close만 뜨는걸까요ㅠㅠ,,0,4년 전,2025-11-26 17:44:08,2025-11-26 17:44:08,
yytWGELNeOI,UgwLsC20Rh54mYH7qDd4AaABAg,@저장-y9k,19:08 부분에서 탭 누르라고 했는데 탭을 누르니까 전에 입력했던  hello.py가 뜨지 않고 .\hello.py가 뜨는데 무슨 차이인가요? 결과는  같게 나옵니다,,1,5년 전,2025-11-26 17:44:08,2025-11-26 17:44:08,
yytWGELNeOI,Ugx95Zm7gj8JBZHITqd4AaABAg,@hsoopark7116,"제가 너무 초보라.문의드리고싶습니다. 메일 알려주시면 고맙겠습니다.무언가를 구해 실행하니 바로 이렇게 나오네요.
Traceback (most recent call last):
  File ""C:/Users/phs/A.py"", line 4, in <module>
    import win32com.client as win32
ModuleNotFoundError: No module named 'win32com'
>>> 
제 pc는 64비트인데... 저것을 어디에서 받아 설치해야 하는지요? 구하는 법을 모르겠습니다. 메일주소주실 수 없는지요..ㅠㅠ 감사합니다.",,0,4년 전(수정됨),2025-11-26 17:44:08,2025-11-26 17:44:08,
yytWGELNeOI,Ugzjbr2hSgRvu7-6o4R4AaABAg,@ireneranie8270,pylint 경고창 안뜨구 마켓에서 찾을수 없다고 나오는데 어떡하죠? 버젼은 Python 3.8.5 32-bit  입니다,,2,5년 전(수정됨),2025-11-26 17:44:08,2025-11-26 17:44:08,
yytWGELNeOI,UgxFjaNKdjMB2_oAL1x4AaABAg,@올란도-hello,"아... C언어 가져와 파이썬 못보겠다 ㅋㅋ
뭔가 파이썬 문법 보고있으니 짜증난다 ㅋㅋ
짜임새랄까 뭔가 정형화 되어있지 않다고
해야하나? 쉬운것 같은데 C언어를 먼저 배운
저로써는 파이썬이 뭔가 답답 합니다...",,0,4년 전,2025-11-26 17:44:08,2025-11-26 17:44:08,
yytWGELNeOI,UgxOa4uwPlvD0WnGyZx4AaABAg,@fresh_egg,앙기목띠,,0,3년 전,2025-11-26 17:44:08,2025-11-26 17:44:08,
yytWGELNeOI,UgwTrnhbWxDpTMAGDyN4AaABAg,@경훈-x7d,이빠인가?,,1,5년 전,2025-11-26 17:44:08,2025-11-26 17:44:08,
yytWGELNeOI,UgzEFZ86QwGsDhFEwiF4AaABAg,@프로코딩,안녕하세요. 이현서입니다.조코딩 티셔츠 기프티콘이 않왔는데 codingpro200@gmail.com 으로 보내주시면 감사하겠습니다. 의심가신다면 말해주세요 제 웹사이트에 인증하겠습니다.너무 받고싶었는데 못받을까봐 너무 무섭네요.못보실지도 모르니까 조코딩님모든 영상에 이 댓글을 달겠습니다. 답장은 ㄷㄷ 초등학생이 이걸 만들었다고 에 보내주세요,,1,5년 전,2025-11-26 17:44:08,2025-11-26 17:44:08,
yytWGELNeOI,UgwF0IPrOlzjEJp6cHh4AaABAg,@유니콘75,파이썬 어디서 다운로드하나요?,,0,2년 전,2025-11-26 17:44:08,2025-11-26 17:44:08,
yytWGELNeOI,Ugz5TGGXX4IDzxegO2d4AaABAg,@dasdqwdqsdasdcqd,파이썬이 진짜 입문자한태 좋은거구나ㄷ,,1,5년 전,2025-11-26 17:44:08,2025-11-26 17:44:08,
yytWGELNeOI,UgxvsCeFzmLZz1HpJvB4AaABAg,@DevYuja,책갈피,,2,5년 전,2025-11-26 17:44:08,2025-11-26 17:44:08,
yytWGELNeOI,UgxqruspgufNbA-wgjt4AaABAg,@이지석-n2r,파이썬 왜이리 돌풍이 부는진 알겠지만 난 스크립트 언어가 싫다..,,0,4년 전,2025-11-26 17:44:08,2025-11-26 17:44:08,
yytWGELNeOI,UgxSf_52W2mb4Ifccll4AaABAg,@하늘-p4t-v1b,화,,1,4년 전,2025-11-26 17:44:08,2025-11-26 17:44:08,
yytWGELNeOI,UgyAuELiWGsNCAl4t0R4AaABAg,@user-of5vb5bz4p,.,,1,3년 전,2025-11-26 17:44:08,2025-11-26 17:44:08,
yytWGELNeOI,UgzxsjaPqEBAKj3vTZJ4AaABAg,@일진쫄랑이,"취미로 언어를 만드는데
국제 공용어는 왜 그지같은 영어를 쓰는건가",,0,4개월 전,2025-11-26 17:44:08,2025-11-26 17:44:08,
yytWGELNeOI,UgwnSi7T7KzdVvmeXDR4AaABAg,@canerozcan8332,주식하다가 돈절반 날리고 힘들었는데  CLS투자그룹에서 원금복구에 오피스텔 계약까지 해버렸네요,,0,4년 전,2025-11-26 17:44:08,2025-11-26 17:44:08,
yytWGELNeOI,UgzAaO0qEKIdiYhqrZN4AaABAg,@비정한세상,개같은 세상..피 토하는 음악,,1,5년 전,2025-11-26 17:44:08,2025-11-26 17:44:08,
yytWGELNeOI,Ugymxfrx_Y-nDlxkY7l4AaABAg,@firstnlastn3571,"아주 숨가뿐 편집
리얼로 하지 않고
말하는게 부따다다다다다
숨도 안쉬고 떠드는 미친 괴물같다
듣는 사람 생각 안하냐
unlike",,1,4년 전,2025-11-26 17:44:08,2025-11-26 17:44:08,
yytWGELNeOI,Ugw_S441Q9EGTipQcXl4AaABAg,@muhammedbadkan,투자업체 고민중이였는데 CLS투자그룹 덕분에 첫투자부터 대성공했어요,,1,4년 전,2025-11-26 17:44:08,2025-11-26 17:44:08,
yytWGELNeOI,Ugymxfrx_Y-nDlxkY7l4AaABAg.9HOrUVt2RwW9HPSitrpBXr,@jocoding,"https://www.youtube.com/playlist?list=PLU9-uwewPMe2L7dC2us_C3LLwDL9vHQIx
빠른 흐름을 좋아하시는 분들을 위해 편집하였는데 천천히 정말 라이브 수업 그대로 따라오고 싶으시다면 위 재생목록에 라이브 풀버전 있습니다!",Ugymxfrx_Y-nDlxkY7l4AaABAg,0,4년 전,2025-11-26 17:44:08,2025-11-26 17:44:08,
yytWGELNeOI,UgxSf_52W2mb4Ifccll4AaABAg.9TJ0Sf9ijkE9TJ4F2yTJRg,@하늘-p4t-v1b,조코딩님 도와주세요 주식프로그램으로 코딩작업을 하려고 합니다. 작업 난이도가 힘들어 어떻게 해야 할지 였쭈어 봅니다. 좋은 말씀 부탁드립니다.,UgxSf_52W2mb4Ifccll4AaABAg,1,4년 전,2025-11-26 17:44:08,2025-11-26 17:44:08,
yytWGELNeOI,UgxSf_52W2mb4Ifccll4AaABAg.9TJ0Sf9ijkE9TJY_LhLxfD,@jocoding,"파이썬이 어려우시다면 기초 강의를 쭉 들으신 다음 작업해보시는 것을 추천드립니다!
https://www.youtube.com/playlist?list=PLU9-uwewPMe2AX9o9hFgv-nRvOcBdzvP5",UgxSf_52W2mb4Ifccll4AaABAg,0,4년 전,2025-11-26 17:44:08,2025-11-26 17:44:08,
yytWGELNeOI,UgxvsCeFzmLZz1HpJvB4AaABAg.9CV3_wjQ1ql9CV4vnTUDMs,@jocoding,책갈피 감사합니다ㅎㅎ,UgxvsCeFzmLZz1HpJvB4AaABAg,1,5년 전,2025-11-26 17:44:08,2025-11-26 17:44:08,
yytWGELNeOI,UgxvsCeFzmLZz1HpJvB4AaABAg.9CV3_wjQ1ql9CV5H6z1zQy,@DevYuja," @jocoding  혹시 문과따리라 그런데 개발자의 필독 수학,수리 도서가 있을까요?",UgxvsCeFzmLZz1HpJvB4AaABAg,1,5년 전,2025-11-26 17:44:08,2025-11-26 17:44:08,
yytWGELNeOI,UgxvsCeFzmLZz1HpJvB4AaABAg.9CV3_wjQ1ql9CVLg2cdF28,@jocoding,"책은 잘모르겠네요ㅠ 개발에서 수학은 사칙연산, 진법, 집합, 명제 정도의 개념만 알면 충분한 것 같아요!",UgxvsCeFzmLZz1HpJvB4AaABAg,0,5년 전,2025-11-26 17:44:08,2025-11-26 17:44:08,
yytWGELNeOI,Ugz5TGGXX4IDzxegO2d4AaABAg.9CmPI4cYCIH9CmhSo6T6cu,@jocoding,네! 입문용으로 아주 좋습니다ㅎㅎ,Ugz5TGGXX4IDzxegO2d4AaABAg,0,5년 전,2025-11-26 17:44:08,2025-11-26 17:44:08,
yytWGELNeOI,UgzEFZ86QwGsDhFEwiF4AaABAg.9ArFcDeIVqY9ArGfdVtbkr,@jocoding,프로코딩 보냈습니다!!,UgzEFZ86QwGsDhFEwiF4AaABAg,0,5년 전,2025-11-26 17:44:08,2025-11-26 17:44:08,
yytWGELNeOI,UgwTrnhbWxDpTMAGDyN4AaABAg.9AXKG1n_B2L9AXKyaEyHbP,@jocoding,이빠 축하드립니다ㅎㅎ,UgwTrnhbWxDpTMAGDyN4AaABAg,0,5년 전,2025-11-26 17:44:08,2025-11-26 17:44:08,
yytWGELNeOI,Ugzjbr2hSgRvu7-6o4R4AaABAg.9CxBh0KBfn-9Cyoct0lW7G,@jocoding,명령어 입력창에 pip install pylint로 설치할 수도 있습니다!,Ugzjbr2hSgRvu7-6o4R4AaABAg,0,5년 전,2025-11-26 17:44:08,2025-11-26 17:44:08,
yytWGELNeOI,Ugx95Zm7gj8JBZHITqd4AaABAg.9GuZHUVdtBl9GueGx2OWc2,@jocoding,cmd에 pip install win32com 으로 설치해보세요!,Ugx95Zm7gj8JBZHITqd4AaABAg,0,4년 전,2025-11-26 17:44:08,2025-11-26 17:44:08,
yytWGELNeOI,UgwLsC20Rh54mYH7qDd4AaABAg.9FfTJhRRqPz9Fg6qbBthgw,@jocoding,.\ 의 뜻이 현재 폴더라는 뜻입니다! 따라서 같은 의미입니다 :),UgwLsC20Rh54mYH7qDd4AaABAg,0,5년 전,2025-11-26 17:44:08,2025-11-26 17:44:08,
yytWGELNeOI,UgydzIT4NqBO8YdNTXt4AaABAg.9H49-rdkf2K9H7q0vIyjQk,@jocoding,"https://youtu.be/4DzGOpsT3bw?t=205
3.9.1에 호완성이 문제가 있나보군요ㅠ 위 영상 3분25초경을 보시고 3.8.6 버전으로 설치해보세요!",UgydzIT4NqBO8YdNTXt4AaABAg,0,4년 전,2025-11-26 17:44:08,2025-11-26 17:44:08,
yytWGELNeOI,UgyE2pih2P7ysP3xIvZ4AaABAg.9QPaR88oAz79QQR0RejSMH,@jocoding,"흠 그런 것 같네요..
아래 블로그를 참고해주세요!
https://yong-it.blogspot.com/2018/10/python-idle.html",UgyE2pih2P7ysP3xIvZ4AaABAg,0,4년 전,2025-11-26 17:44:08,2025-11-26 17:44:08,
yytWGELNeOI,UgyE2pih2P7ysP3xIvZ4AaABAg.9QPaR88oAz79QQXDNvzemb,@키무-u1q, @jocoding  감사합니다,UgyE2pih2P7ysP3xIvZ4AaABAg,0,4년 전,2025-11-26 17:44:08,2025-11-26 17:44:08,
yytWGELNeOI,UgyNWZEDXQbCzJiQegp4AaABAg.9GlX-rGdnKx9Gqly4cvXuq,@jocoding,흠 그럴때는 terminal에 pip install pylint를 입력하셔서 설치하셔도 좋을 것 같습니다!,UgyNWZEDXQbCzJiQegp4AaABAg,0,4년 전,2025-11-26 17:44:08,2025-11-26 17:44:08,
yytWGELNeOI,Ugz2eBeoscCGNaCWUG94AaABAg.9Ft4hiI1neE9FuPm3lS6h0,@jocoding,어떤 오류 메세지가 뜨시나요?,Ugz2eBeoscCGNaCWUG94AaABAg,0,5년 전,2025-11-26 17:44:08,2025-11-26 17:44:08,
yytWGELNeOI,Ugz2eBeoscCGNaCWUG94AaABAg.9Ft4hiI1neE9FuZ1DYi9_d,@jaydenshin8809, @jocoding  오~댓글주시는군요.  혹시나 해서 올려봤는데  error  code  5라고 뜹니다.,Ugz2eBeoscCGNaCWUG94AaABAg,0,5년 전,2025-11-26 17:44:08,2025-11-26 17:44:08,
yytWGELNeOI,UgzjzuxS6c_jAReIlLF4AaABAg.9IEvvYq5lP89Idmla1A1lL,@nn9250,비쥬얼 스튜디오를 다시 깔아 보시고. 파이썬 적용하셨는지 체크해보세여,UgzjzuxS6c_jAReIlLF4AaABAg,1,4년 전,2025-11-26 17:44:08,2025-11-26 17:44:08,
yytWGELNeOI,Ugya-k3ZiYS16Q8jV1p4AaABAg.9OT8tiUsfrE9OV2C6g5cx6,@jocoding,네네! 영상이랑 같이 보시면 더 좋을 겁니다ㅎㅎ,Ugya-k3ZiYS16Q8jV1p4AaABAg,0,4년 전,2025-11-26 17:44:08,2025-11-26 17:44:08,
yytWGELNeOI,Ugy2GYM3-dnIjALnKhd4AaABAg.9HypdmpmN5D9I2sLBm3xZx,@jocoding,"흠 아래 터미널이 cmd로 설정되어있는지 확인해보세요!
https://youtu.be/4DzGOpsT3bw?t=411
여기 6분 50초 쯤부터 보시면 cmd로 설정하는 방법이 나옵니다!",Ugy2GYM3-dnIjALnKhd4AaABAg,0,4년 전,2025-11-26 17:44:08,2025-11-26 17:44:08,
yytWGELNeOI,UgxrBWzMinDdygW-PiR4AaABAg.9IZX13LQ2z39JbCNhA4m8O,@정정윤-w8m,"아마도 python이 환경변수에 설정되지 않은 것 같습니다.
제어판 - 시스템 및 환경 - 시스템 - 고급 시스템 설정 - 환경 변수 - 시스템 변수 - Path - 새로 만들기 에서
python이 설치된 경로를 입력해주시면 될 것 같습니다.

해결이 안된다면 답글 남겨주세요",UgxrBWzMinDdygW-PiR4AaABAg,0,4년 전,2025-11-26 17:44:08,2025-11-26 17:44:08,
yytWGELNeOI,UgzbtrepXrcHfHZ-G3N4AaABAg.9CI2LGpCEjs9CPYdtOtaeE,@jocoding,Ctrl + S로 저장해보세요! 안되신다면 오류 메세지가 뜨시는 것이 있으신가요?,UgzbtrepXrcHfHZ-G3N4AaABAg,0,5년 전,2025-11-26 17:44:08,2025-11-26 17:44:08,
yytWGELNeOI,UgwTyKGyak0KR8iVfv14AaABAg.9OlgES_frET9TVRBTlhDCJ,@startcoding.official,어떤 오류가 발생했는지  명령어는 어떻게 입력했는지 알려주셔야 해요!,UgwTyKGyak0KR8iVfv14AaABAg,0,4년 전,2025-11-26 17:44:08,2025-11-26 17:44:08,
yytWGELNeOI,Ugzurae_VoeZD4_yxIl4AaABAg.9H-O_Om9jt-9H2_pfa3wbH,@jocoding,"https://ungdoli0916.tistory.com/18
이렇게 하시면 된다고 합니다 !",Ugzurae_VoeZD4_yxIl4AaABAg,0,4년 전,2025-11-26 17:44:08,2025-11-26 17:44:08,
yytWGELNeOI,Ugyvs7KwHgZi9t1Gzpt4AaABAg.9Gil_2dUTOD9Gin-UG9dbj,@jocoding,"메모리 인식 범위의 차이인데 32비트 PC는 2의 32승, 64비트 PC는 2의 64승 데이터를 다루는 등의 차이가 있습니다.
파이썬 기초 과정에서는 bit는 전혀 상관 없습니다!",Ugyvs7KwHgZi9t1Gzpt4AaABAg,0,4년 전,2025-11-26 17:44:08,2025-11-26 17:44:08,
yytWGELNeOI,Ugyvs7KwHgZi9t1Gzpt4AaABAg.9Gil_2dUTOD9Ginf2ZfhEu,@yeol_yeol_yeol, @jocoding  감사합니다!!,Ugyvs7KwHgZi9t1Gzpt4AaABAg,0,4년 전,2025-11-26 17:44:08,2025-11-26 17:44:08,
yytWGELNeOI,UgxgdbW3lXk5ca_dGzt4AaABAg.9CQ7KTgjiRh9CQBVAgRpAO,@jocoding,네! 파이썬은 중고등학교에서도 배우고 교양으로도 많이 배웁니다!ㅎㅎ,UgxgdbW3lXk5ca_dGzt4AaABAg,0,5년 전,2025-11-26 17:44:08,2025-11-26 17:44:08,
yytWGELNeOI,UgxZRZtgETnOC0lVx9t4AaABAg.9AXRbhPRRh29Ab1wNTCSs6,@jocoding,음 만드는게 어떤 것인지에 따라 다르지만 그정도 차이 충분히 날 수 있을 것 같아요!,UgxZRZtgETnOC0lVx9t4AaABAg,0,5년 전,2025-11-26 17:44:08,2025-11-26 17:44:08,
yytWGELNeOI,Ugzj7MRc-4ujdaXy4D54AaABAg.9ILH1mTEsvs9ILdlX37Tej,@wookingwoo,"터미널이 cmd로 잘 설정되어 있는지, 파이썬 환경변수는 잘 등록되었는지 확인해보세요~
환경변수는 내PC 우클릭  > 속성 > 고급시스템설정 > 환경변수 에서 수정하실 수 있어요!",Ugzj7MRc-4ujdaXy4D54AaABAg,0,4년 전(수정됨),2025-11-26 17:44:08,2025-11-26 17:44:08,
yytWGELNeOI,UgzzcWAnwl6Faio1_ZV4AaABAg.9IEXWuqlK_59IRfU14A0p4,@김준희-u9u,자신 사양에 맞는 버전이있습니다!! 32비트이상의 사양을 지니고있으면 32비트로 사용하셔도 무방합니다!,UgzzcWAnwl6Faio1_ZV4AaABAg,0,4년 전,2025-11-26 17:44:08,2025-11-26 17:44:08,
yytWGELNeOI,Ugznh-T9So_B7jhFChR4AaABAg.9Om2-rjhAE59OmAmji-ex3,@jocoding,ㅠㅠ 어떤게 다운이 안되시나요?,Ugznh-T9So_B7jhFChR4AaABAg,0,4년 전,2025-11-26 17:44:08,2025-11-26 17:44:08,
yytWGELNeOI,Ugznh-T9So_B7jhFChR4AaABAg.9Om2-rjhAE59OnXmnbmdoS,@user-ds3jy2js5p, @jocoding  그 파이썬 셋업?그건 다운돼는데 그거 열면 셋업 패일드라고 뜨면서 아래 클로즈 버튼밖에 안떠요 ㅠㅠ 뭐라뭐라나오는데 다시 시작하래서 다시 해봤는데 그래도 안돼더라고요.. ㅠㅠ,Ugznh-T9So_B7jhFChR4AaABAg,0,4년 전,2025-11-26 17:44:08,2025-11-26 17:44:08,
yytWGELNeOI,Ugznh-T9So_B7jhFChR4AaABAg.9Om2-rjhAE59OqotQbCY9u,@user-ds3jy2js5p, @jocoding  지금 보니깐 윈도우 버전이 좀 낮은거라고하네요! 제 버전이 2007이라 그런것같아요,Ugznh-T9So_B7jhFChR4AaABAg,0,4년 전,2025-11-26 17:44:08,2025-11-26 17:44:08,
yytWGELNeOI,UgwBZ5iLcI_LUJVZohJ4AaABAg.9Or33OxKR3A9Or3SQ79gpx,@HAN-v5e,terminal말고 cmd에 들어가서 하면 정상적으로 됩니다 ㅠㅠ,UgwBZ5iLcI_LUJVZohJ4AaABAg,0,4년 전,2025-11-26 17:44:08,2025-11-26 17:44:08,
yytWGELNeOI,UgxanpoSxhV_CNQyCQ14AaABAg.9Rx0SYUOh5M9RxHP8i_Pqm,@jocoding,맥은 bash에서 똑같이 진행하시면 됩니다!,UgxanpoSxhV_CNQyCQ14AaABAg,0,4년 전,2025-11-26 17:44:08,2025-11-26 17:44:08,
yytWGELNeOI,UgxK__gl6NVOyzLTVc54AaABAg.9E3X3wsQPWq9E61k-v_YlN,@jocoding,코드에 print()라던가 화면에 출력하는 무엇인가가 없으면 그냥 실행되고 종료되어 화면에 아무것도 표시되지 않습니다!,UgxK__gl6NVOyzLTVc54AaABAg,0,5년 전(수정됨),2025-11-26 17:44:08,2025-11-26 17:44:08,
yytWGELNeOI,UgyCXiUGOn8LSIDYOpN4AaABAg.9KL69g1j4Xt9KLVUv0JVtE,@jocoding,python extension이 재대로 설치되었는지 다시 확인해보세요! 그리고 한번 vscode를 껐다 키시면 되실 것 같습니다,UgyCXiUGOn8LSIDYOpN4AaABAg,0,4년 전,2025-11-26 17:44:08,2025-11-26 17:44:08,
yytWGELNeOI,UgzXiDqeLwa8Gsbis0d4AaABAg.9I7rjWa_iyp9ID-9Dl8n5A,@yhs_Ringkle,"혹시 여는 아이콘이 없어서 그런가요?
그러면 윈도우키누르고 검색부분에 Visual studio code 찾으시면 된답니다^^",UgzXiDqeLwa8Gsbis0d4AaABAg,0,4년 전,2025-11-26 17:44:08,2025-11-26 17:44:08,
yytWGELNeOI,UgzekYnhb5oGqMzxPv94AaABAg.9BQJeXW2Qa59BSLsgtOHgT,@이재준-m2z4f,다음날 해보니까 다시 되는데 무슨문제인지는 잘... 대신 파일명을 123.py 로 만들었습니다,UgzekYnhb5oGqMzxPv94AaABAg,0,5년 전,2025-11-26 17:44:08,2025-11-26 17:44:08,
yytWGELNeOI,Ugx29GV5AObtYHuoMBZ4AaABAg.9D2a1A5qUFy9D3I72Ap7KC,@jocoding,천재들의 취미 클라스...,Ugx29GV5AObtYHuoMBZ4AaABAg,2,5년 전,2025-11-26 17:44:08,2025-11-26 17:44:08,
yytWGELNeOI,UgxYam18uftSNENZzkF4AaABAg.9Eb_4kRrctF9EccbsDFDSb,@jocoding,ㅠㅠ 설치하실때 path 체크박스 부분 체크하셨나요?,UgxYam18uftSNENZzkF4AaABAg,0,5년 전,2025-11-26 17:44:08,2025-11-26 17:44:08,
yytWGELNeOI,UgyJYT1HIiK3eaGheVF4AaABAg.9FRmdZG9cwE9FWreBAI7C3,@jocoding,pip install pylint로 설치하셔도 됩니다!,UgyJYT1HIiK3eaGheVF4AaABAg,0,5년 전,2025-11-26 17:44:08,2025-11-26 17:44:08,
yytWGELNeOI,UgyJYT1HIiK3eaGheVF4AaABAg.9FRmdZG9cwE9G3nkTHoX-q,@김태강-n7j, @jocoding  cmd 들어가서 pip install pylint 설치했는데 계속 오류가 나네요 버전을 20.2.3을 사용하고있는데 20.2.4도 사용할수있다며 무슨 이상한 말이 나오네요,UgyJYT1HIiK3eaGheVF4AaABAg,0,5년 전,2025-11-26 17:44:08,2025-11-26 17:44:08,
yytWGELNeOI,Ugy3-UhAXP7t0qCdUIZ4AaABAg.9EunjHvWQIz9ExX337SWaV,@jocoding,어떤 오류가 뜨시나요?,Ugy3-UhAXP7t0qCdUIZ4AaABAg,0,5년 전,2025-11-26 17:44:08,2025-11-26 17:44:08,
yytWGELNeOI,Ugw2WsdlkwVIvGpSdWx4AaABAg.9Xl3KBcJl9b9XlTa0pkeE4,@jocoding,네 완전 무료입니다!,Ugw2WsdlkwVIvGpSdWx4AaABAg,0,3년 전,2025-11-26 17:44:08,2025-11-26 17:44:08,
yytWGELNeOI,UgwnuUvxQHkHs6JI7Hd4AaABAg.9KKelNGrPjq9KLVDnCnLHE,@jocoding,Run 버튼이 안나오는 건 python extension 설치가 재대로 안된 것 같아요! extension 설치가 잘 되었는지 확인해보세요!,UgwnuUvxQHkHs6JI7Hd4AaABAg,0,4년 전,2025-11-26 17:44:08,2025-11-26 17:44:08,
yytWGELNeOI,UgwvOjSdvHdOrnhINxx4AaABAg.9GfM1v4lqwf9GgUtTqu37H,@jocoding,"네 가능합니다! 아래 영상을 참고해주세요 :)
https://youtu.be/1b7pXC1-IbE",UgwvOjSdvHdOrnhINxx4AaABAg,1,4년 전,2025-11-26 17:44:08,2025-11-26 17:44:08,
yytWGELNeOI,Ugw8jWp-ebAZdkKJE3J4AaABAg.9NOfTUuWINA9NUq-2LOJ5v,@jocoding,익스텐션의 문제인 것 같아요! 익스텐션을 삭제하시고 재설치해보세요!,Ugw8jWp-ebAZdkKJE3J4AaABAg,0,4년 전,2025-11-26 17:44:08,2025-11-26 17:44:08,
yytWGELNeOI,Ugzb24EelHAYDFwF9HF4AaABAg.9VGqUhTJKzw9VMOTqlkQiX,@jocoding,지금 상황만으로는 모르겠고 어떤 오류 메세지가 뜬다면 원인을 찾을 수 있을 것 같습니다!,Ugzb24EelHAYDFwF9HF4AaABAg,0,3년 전,2025-11-26 17:44:08,2025-11-26 17:44:08,
yytWGELNeOI,Ugzb24EelHAYDFwF9HF4AaABAg.9VGqUhTJKzw9VMTv06QPHp,@불린찹쌀, @jocoding  혹시 메일로 문제영상 보내도 괜찮을까요??,Ugzb24EelHAYDFwF9HF4AaABAg,0,3년 전,2025-11-26 17:44:08,2025-11-26 17:44:08,
yytWGELNeOI,UgyFlp2m6CPFZRlJu054AaABAg.9JZf7LCSkx-9J_sZP1MY2L,@jocoding,extension이 전혀 나오지 않으시나요?,UgyFlp2m6CPFZRlJu054AaABAg,0,4년 전,2025-11-26 17:44:08,2025-11-26 17:44:08,
yytWGELNeOI,UgyFlp2m6CPFZRlJu054AaABAg.9JZf7LCSkx-9JbT0XAfyUy,@안아줘요선생, @jocoding  네,UgyFlp2m6CPFZRlJu054AaABAg,0,4년 전,2025-11-26 17:44:08,2025-11-26 17:44:08,
yytWGELNeOI,Ugw8KiQ6CRz9L-z6l8x4AaABAg.9GuNd2ioOjJ9GuewoPm0J5,@jocoding,아마 python 익스텐션의 설치가 안된 것 같아요!,Ugw8KiQ6CRz9L-z6l8x4AaABAg,1,4년 전,2025-11-26 17:44:08,2025-11-26 17:44:08,
yytWGELNeOI,Ugw8KiQ6CRz9L-z6l8x4AaABAg.9GuNd2ioOjJ9GutkmH_DN4,@하양앙마-s4w," @jocoding  재설치하고 익스텐션을 이것저것 해도 안되었는데요..... 파일명에 확장자명(.py)을 붙이니까.. 화살표가 나왔어요..^^;;;;.. 제가 기본이 안됐네요...ㅎㅎㅎㅎ. 그리고,, 하나더... 주석을 줄단위 말고 여러줄을 한번에 주석처리하는 방법이 있나요???",Ugw8KiQ6CRz9L-z6l8x4AaABAg,0,4년 전,2025-11-26 17:44:08,2025-11-26 17:44:08,
yytWGELNeOI,Ugztpd116bPgIL3MP0t4AaABAg.9E3XP0dGf1L9E61q4BxRFk,@jocoding,코드의 첫번째 줄에 문법이 틀린 무언가가 작성된 것 같아요!,Ugztpd116bPgIL3MP0t4AaABAg,0,5년 전,2025-11-26 17:44:08,2025-11-26 17:44:08,
yytWGELNeOI,UgwfUxdsekg4Fg2YCpp4AaABAg.9E3LtatPuhp9E3MlB2918q,@sk-ss8ks,vs code의 open folder에도 파일이 없네요,UgwfUxdsekg4Fg2YCpp4AaABAg,1,5년 전,2025-11-26 17:44:08,2025-11-26 17:44:08,
yytWGELNeOI,UgwfUxdsekg4Fg2YCpp4AaABAg.9E3LtatPuhp9E61R6eLGuT,@jocoding,흠 그렇다면 파일 이동이 재대로 안된 것 같습니다! 윈도우 탐색기를 열어서 다시한번 확인해보세요!,UgwfUxdsekg4Fg2YCpp4AaABAg,0,5년 전,2025-11-26 17:44:08,2025-11-26 17:44:08,
yytWGELNeOI,UgxBTOuExiqeTSe5D6p4AaABAg.9JNYsCTL6ID9JbBmEfB-1L,@정정윤-w8m,"cmd에서는 현재 선택되어 있는 디렉토리에서 파이썬 파일을 실행합니다.
실행하고자 하시는 파이썬 파일이 'hello.py'이신 것 같은데, 
그 디렉토리(경로)로 이동해서 python hello.py 를 사용하시면 hello.py가 실행될 것입니다.

디렉토리 이동 방법은 'cd 디렉토리'로 하시면 됩니다.",UgxBTOuExiqeTSe5D6p4AaABAg,0,4년 전,2025-11-26 17:44:08,2025-11-26 17:44:08,
yytWGELNeOI,UgyK44T9MoiLK8pDbHx4AaABAg.9E0hneZbfRf9E5tERUw5gQ,@jocoding,아마 power shell이 뜨신 것 같은데 아래 터미널 창의 select box 부분을 선택하여 cmd로 변경하실 수 있습니다!,UgyK44T9MoiLK8pDbHx4AaABAg,0,5년 전,2025-11-26 17:44:08,2025-11-26 17:44:08,
yytWGELNeOI,UgzRywyq0WSZR7-5lup4AaABAg.9GlH1axRo599IRfkTdz0H7,@김준희-u9u,설정에 랭귀지 번경하는게 있던걸로 기억합니다.!.!!!,UgzRywyq0WSZR7-5lup4AaABAg,1,4년 전,2025-11-26 17:44:08,2025-11-26 17:44:08,
yytWGELNeOI,UgxnlyvZVbpXeFh8xaB4AaABAg.9KtB1c3Q5n29KuqrGZbe-0,@jocoding,"https://youtu.be/4DzGOpsT3bw?t=410
같은 환경으로 맞추시려면 위 영상 6:50 부근을 참고해주세요!",UgxnlyvZVbpXeFh8xaB4AaABAg,0,4년 전,2025-11-26 17:44:08,2025-11-26 17:44:08,
yytWGELNeOI,UgxoOoTekoOoyfz_boF4AaABAg.AOCqdEFcF6YAOFJb7Zl-xI,@jocoding,넵 아이맥에서도 가능합니다!,UgxoOoTekoOoyfz_boF4AaABAg,0,1개월 전,2025-11-26 17:44:08,2025-11-26 17:44:08,
yytWGELNeOI,Ugw60o6tlU5T-eNnewx4AaABAg.9D3PiBJqEqk9D7MjEs7asp,@jocoding,"https://medium.com/hashbox/python-%EA%B8%B0%EB%B3%B8-%ED%99%98%EA%B2%BD-%EA%B5%AC%EC%B6%95%ED%95%98%EA%B8%B0-pyenv-virtualenv-autoenv-1e26755bf3b9
이런식으로 여러 버전을 관리하실 수 있습니다! 라이브러리에 따라서 32비트만 사용 가능한 경우도 있는데 웬만한 경우에는 다 호환이 됩니다!",Ugw60o6tlU5T-eNnewx4AaABAg,0,5년 전,2025-11-26 17:44:08,2025-11-26 17:44:08,
yytWGELNeOI,UgzGSiVUozujQQqhSqp4AaABAg.9GqoPSKOKTA9GsQY6huAAH,@jocoding,맥북은 C드라이브가 별도로 없고 원하시는 경로에 폴더를 생성하여 작업하시면 되겠습니다 :),UgzGSiVUozujQQqhSqp4AaABAg,0,4년 전,2025-11-26 17:44:08,2025-11-26 17:44:08,
yytWGELNeOI,UgyG_RET7jZgyflOrVh4AaABAg.9Ni2mW8T19K9NioCKj14OT,@jocoding,python extension을 설치하시고 오른쪽 위에 초록생 재생 버튼을 눌러서 실행해보세요!,UgyG_RET7jZgyflOrVh4AaABAg,0,4년 전,2025-11-26 17:44:08,2025-11-26 17:44:08,
yytWGELNeOI,UgyRoJe704KhLWJwRE54AaABAg.9DLc8L7BFFd9DOB2f8_7PM,@jocoding,"http://omz-software.com/pythonista/index.html
이런 앱을 이용하시면 돌릴 수 있어요!",UgyRoJe704KhLWJwRE54AaABAg,0,5년 전,2025-11-26 17:44:08,2025-11-26 17:44:08,
yytWGELNeOI,UgxexDigKIpQgeOTooJ4AaABAg.9U21BT_XE3Z9U2Gan8d0I1,@jocoding,"터미널 창에 아래 명령어를 입력하시면 설치가 됩니다!
pip install pylint",UgxexDigKIpQgeOTooJ4AaABAg,1,4년 전,2025-11-26 17:44:08,2025-11-26 17:44:08,
yytWGELNeOI,UgwQtgLbIRJMsGBK9Vt4AaABAg.9Nuq32FDfKh9Nw1m3NrqOa,@jocoding,"https://github.com/microsoft/vscode-python/issues/13466
vscode 업데이트 후 이런 문제가 생긴 것 같은데 위 이슈를 확인해주세요!",UgwQtgLbIRJMsGBK9Vt4AaABAg,1,4년 전,2025-11-26 17:44:08,2025-11-26 17:44:08,
yytWGELNeOI,UgwQtgLbIRJMsGBK9Vt4AaABAg.9Nuq32FDfKh9Nw6zlG-Soe,@수민-i1o, @jocoding  감사합니다!,UgwQtgLbIRJMsGBK9Vt4AaABAg,1,4년 전,2025-11-26 17:44:08,2025-11-26 17:44:08,
yytWGELNeOI,UgwQzhkPn0zmDgJxmgN4AaABAg.9AZrDQCj6BD9Ab3Qn9ZNof,@jocoding,엇ㅋㅋ int조수님이 되셨군요! 방송 항상 참여해주셔서 감사합니다ㅎㅎ,UgwQzhkPn0zmDgJxmgN4AaABAg,0,5년 전,2025-11-26 17:44:08,2025-11-26 17:44:08,
yytWGELNeOI,UgySYJfEUEtEYep0SAt4AaABAg.9Q_nBi8PFsU9QhVhLBAVby,@jocoding,삭제하고 다시 설치해보세요!,UgySYJfEUEtEYep0SAt4AaABAg,0,4년 전,2025-11-26 17:44:08,2025-11-26 17:44:08,
yytWGELNeOI,UgySYJfEUEtEYep0SAt4AaABAg.9Q_nBi8PFsU9Qhdk5DaPBa,@SmoonUsun, @jocoding  감사합니다!,UgySYJfEUEtEYep0SAt4AaABAg,0,4년 전,2025-11-26 17:44:08,2025-11-26 17:44:08,
yytWGELNeOI,UgzETP38yDopLin0YvF4AaABAg.9LGQSpQ8lt19LGwcVdYSvR,@jocoding,오잉 서버 선택은 따로 안해도 됩니다!,UgzETP38yDopLin0YvF4AaABAg,0,4년 전,2025-11-26 17:44:08,2025-11-26 17:44:08,
yytWGELNeOI,UgzETP38yDopLin0YvF4AaABAg.9LGQSpQ8lt19LGx4rYE8TK,@user-kn8pb8bv4x,깔고나서 실행하면 무슨 사이트로 이동하면서 서버를 선택하라는데 선택을 안하면 실행이 안되서;;,UgzETP38yDopLin0YvF4AaABAg,0,4년 전,2025-11-26 17:44:08,2025-11-26 17:44:08,
yytWGELNeOI,Ugy2PaHfguJq-_nlsEV4AaABAg.9CqlvOVOmq99Crdn0JMq5y,@jocoding,초보자들도 배우기 좋은 것 같습니다!ㅎㅎ,Ugy2PaHfguJq-_nlsEV4AaABAg,0,5년 전,2025-11-26 17:44:08,2025-11-26 17:44:08,
yytWGELNeOI,Ugx2CSiK2oTm3ZSFsyJ4AaABAg.9HU9QQDI8iX9HUAvC0S3Gx,@jocoding,path 설정이 잘되어있는지 확인해보세요! (설치하실때 path 설정 체크가 빠졌을 수 있습니다),Ugx2CSiK2oTm3ZSFsyJ4AaABAg,0,4년 전,2025-11-26 17:44:08,2025-11-26 17:44:08,
yytWGELNeOI,UgwpSd80ycnj9ek0Mx54AaABAg.9KdaJZrhQiH9KfSwYzc9ZH,@jocoding,"https://youtube.com/playlist?list=PLU9-uwewPMe2L7dC2us_C3LLwDL9vHQIx
라이브 풀버전으로도 보실 수 있습니다!",UgwpSd80ycnj9ek0Mx54AaABAg,0,4년 전,2025-11-26 17:44:08,2025-11-26 17:44:08,
yytWGELNeOI,UgwSS4yJ0BDyJPjVoMR4AaABAg.9E6TW71L31p9E9GQwyF7Ur,@jocoding,아마 강의에 나온대로 visual stuido code 최신 버전과 python 익스텐션을 정상적으로 설치하시면 뜰거예요!,UgwSS4yJ0BDyJPjVoMR4AaABAg,0,5년 전,2025-11-26 17:44:08,2025-11-26 17:44:08,
yytWGELNeOI,UgykwNTW9TXr-odl5ml4AaABAg.9IAevSmq5iR9ID8DR3icgc,@경훈-x7d,"""흠 아래 터미널이 cmd로 설정되어있는지 확인해보세요!
https://youtu.be/4DzGOpsT3bw?t=411
여기 6분 50초 쯤부터 보시면 cmd로 설정하는 방법이 나옵니다!""
다른 답글에 달린 조코딩님의 답변글입니다^^ 

터미널이 PS이면 python으로 나오는거 같더라구요
위의 유튜브링크의 영상보시면 cmd로 바꾸실 수 있으실꺼에요!",UgykwNTW9TXr-odl5ml4AaABAg,1,4년 전,2025-11-26 17:44:08,2025-11-26 17:44:08,
yytWGELNeOI,UgykwNTW9TXr-odl5ml4AaABAg.9IAevSmq5iR9IDEkcBrul0,@anna-mk9cm, @경훈-x7d  감사합니다!!! 복받으실거에요~~!😁,UgykwNTW9TXr-odl5ml4AaABAg,1,4년 전,2025-11-26 17:44:08,2025-11-26 17:44:08,
yytWGELNeOI,UgykwNTW9TXr-odl5ml4AaABAg.9IAevSmq5iR9IDJYnoz7Up,@경훈-x7d, @anna-mk9cm  ㅎㅎ 감사합니다,UgykwNTW9TXr-odl5ml4AaABAg,1,4년 전,2025-11-26 17:44:08,2025-11-26 17:44:08,
yytWGELNeOI,UgykwNTW9TXr-odl5ml4AaABAg.9IAevSmq5iR9JF-j1V7330,@김주은-x8r,cmd로 설정해봤는데 계속 python이라고 뜨는 경우는 어떻게 해야할까요 ㅠㅠ,UgykwNTW9TXr-odl5ml4AaABAg,0,4년 전,2025-11-26 17:44:08,2025-11-26 17:44:08,
yytWGELNeOI,Ugz82fkkKyIiRl2Yfth4AaABAg.9FOUHiBmd2p9FOpTHUGjpo,@jocoding,"https://stackoverflow.com/questions/59428357/appinstallerpythonredirector-exe-has-stopped-working-when-installing-emscripten
찾아보니 이상한 파이썬이 깔려서 생긴 문제라고 하네요.. 공식 사이트에서 다시 설치해보세요!
https://www.python.org/",Ugz82fkkKyIiRl2Yfth4AaABAg,1,5년 전,2025-11-26 17:44:08,2025-11-26 17:44:08,
yytWGELNeOI,Ugz82fkkKyIiRl2Yfth4AaABAg.9FOUHiBmd2p9FOrX1_zLRi,@제성고-m3m, @jocoding  삭제했다가 다시 설치해야하나요?,Ugz82fkkKyIiRl2Yfth4AaABAg,0,5년 전,2025-11-26 17:44:08,2025-11-26 17:44:08,
yytWGELNeOI,Ugz82fkkKyIiRl2Yfth4AaABAg.9FOUHiBmd2p9FzZrOBBmom,@jocoding,네네 그러면 좋을 것 같아요!,Ugz82fkkKyIiRl2Yfth4AaABAg,0,5년 전,2025-11-26 17:44:08,2025-11-26 17:44:08,
yytWGELNeOI,UgwdnP44EjWFeD0n4Ml4AaABAg.9EqFtrm42EW9ExURkD-Qxj,@jocoding,"python.org의 설치 관리자를 사용하여 Python을 설치하고 ""PATH에 추가"" 옵션을 선택하면 새 python 명령이 바로 가기보다 우선적으로 적용됩니다.",UgwdnP44EjWFeD0n4Ml4AaABAg,1,5년 전,2025-11-26 17:44:08,2025-11-26 17:44:08,
yytWGELNeOI,UgymnqnrNq8F71gaS5R4AaABAg.9CB1fD6iAwo9CD1AXuN1Sv,@jocoding,Ctrl + Shift + - 누르면 다시 줄어듭니다!,UgymnqnrNq8F71gaS5R4AaABAg,0,5년 전,2025-11-26 17:44:08,2025-11-26 17:44:08,
yytWGELNeOI,UgymnqnrNq8F71gaS5R4AaABAg.9CB1fD6iAwo9CvpcV44TYu,@white-blood-shark,감사합니다 ㅠㅠ,UgymnqnrNq8F71gaS5R4AaABAg,0,5년 전,2025-11-26 17:44:08,2025-11-26 17:44:08,
yytWGELNeOI,UgxRW53E73mOrKGQ27V4AaABAg.9BL82pvi6E79BNeE0s8zu1,@jocoding,"현재 시간상 외주 제작은 별도로 하고 있지 않습니다ㅠ 크몽이나 위시켓 등 외주 전문 업체 추천드립니다!
크몽: http://bit.ly/Kmong
위시켓: https://www.wishket.com/",UgxRW53E73mOrKGQ27V4AaABAg,1,5년 전,2025-11-26 17:44:08,2025-11-26 17:44:08,
yytWGELNeOI,UgxqlX_5ENLaWE2GJpV4AaABAg.9WdleKiigmz9WiKmrnDjEv,@jocoding,Ctrl + Shift + S를 하면 다른 이름으로 저장하실 수 있어요!,UgxqlX_5ENLaWE2GJpV4AaABAg,0,3년 전,2025-11-26 17:44:08,2025-11-26 17:44:08,
yytWGELNeOI,UgxqlX_5ENLaWE2GJpV4AaABAg.9WdleKiigmz9Wj8krJqNzB,@kakhi0513, @jocoding  감사합니다,UgxqlX_5ENLaWE2GJpV4AaABAg,0,3년 전,2025-11-26 17:44:08,2025-11-26 17:44:08,
yytWGELNeOI,UgzuhdsilZZ341WivWR4AaABAg.9L6xVS-DF8s9L7u_61O0qx,@jocoding,"https://youtu.be/4DzGOpsT3bw?t=410
위 영상 6분 50초 부근에 나오는 것 처럼 cmd 환경으로 설정을 맞춰주시면 똑같이 되실겁니다!",UgzuhdsilZZ341WivWR4AaABAg,0,4년 전,2025-11-26 17:44:08,2025-11-26 17:44:08,
yytWGELNeOI,UgyrehRen76HjpGSeEp4AaABAg.9WEi4gdl_UL9WOvoLrjRdU,@jocoding,파일 위치는 윈도우 탐색기를 열어서 원하는 폴더로 이동하거나 생성하여 그 위치에서 파일 생성하시면 됩니다!,UgyrehRen76HjpGSeEp4AaABAg,1,3년 전,2025-11-26 17:44:08,2025-11-26 17:44:08,
yytWGELNeOI,UgyrehRen76HjpGSeEp4AaABAg.9WEi4gdl_UL9WP6R-k9OvE,@lydoo8322, @jocoding  디버깅돌리니까 뭐라나오는거 치니까 되네요!,UgyrehRen76HjpGSeEp4AaABAg,0,3년 전,2025-11-26 17:44:08,2025-11-26 17:44:08,
yytWGELNeOI,UgyrehRen76HjpGSeEp4AaABAg.9WEi4gdl_UL9WP6VQbS8Wl,@lydoo8322, @jocoding  .\hello.py였던거같네요,UgyrehRen76HjpGSeEp4AaABAg,0,3년 전,2025-11-26 17:44:08,2025-11-26 17:44:08,
yytWGELNeOI,UgyAOu3vw7jhNsoXYD54AaABAg.9G4-azWLGw09G4D7Lhj7wr,@jocoding,"https://www.python.org/downloads/windows/
위 사이트에서 3.8.6 버전의 아래 것을 받아보세요!
Windows x86 executable installer",UgyAOu3vw7jhNsoXYD54AaABAg,0,5년 전,2025-11-26 17:44:08,2025-11-26 17:44:08,
yytWGELNeOI,UgyAOu3vw7jhNsoXYD54AaABAg.9G4-azWLGw09O9njgbj8VG,@조강민-z4j,"더 좋은 방법이 있습니다.
데이터 백업하고 윈10을 다운받으세요",UgyAOu3vw7jhNsoXYD54AaABAg,0,4년 전,2025-11-26 17:44:08,2025-11-26 17:44:08,
yytWGELNeOI,UgxKcrLSTmdNIoeJYLt4AaABAg.9Fn5xoShPeu9Fna20LDnM2,@jocoding,"https://www.python.org/downloads/windows/
여기서 x86을 선택하시면 32bit를 설치하실 수 있습니다!",UgxKcrLSTmdNIoeJYLt4AaABAg,0,5년 전,2025-11-26 17:44:08,2025-11-26 17:44:08,
yytWGELNeOI,UgwBSgi57JWFj9oqlQp4AaABAg.9Gfhd6kZnGn9Gfi0Mv0_cH,@jy-1907,File - open... 에서 새로 폴더를 찾아서open 하니 되네요 !,UgwBSgi57JWFj9oqlQp4AaABAg,0,4년 전,2025-11-26 17:44:08,2025-11-26 17:44:08,
yytWGELNeOI,UgwBSgi57JWFj9oqlQp4AaABAg.9Gfhd6kZnGn9GgVBrHXmnN,@jocoding,오 해결되셨다니 다행입니다ㅎㅎ,UgwBSgi57JWFj9oqlQp4AaABAg,0,4년 전,2025-11-26 17:44:08,2025-11-26 17:44:08,
yytWGELNeOI,UgxHdCBSuf6VcUO6-6R4AaABAg.9GuanBLURB69Gue7tyPPjC,@jocoding,저는 파이썬 추천합니다!,UgxHdCBSuf6VcUO6-6R4AaABAg,0,4년 전,2025-11-26 17:44:08,2025-11-26 17:44:08,
yytWGELNeOI,Ugwmgd4uiSQBw8_fht14AaABAg.9LzN50XA6vn9Lz_NcmJW6G,@jocoding,"터미널에 아래 명령어로 설치하실 수 있습니다!
pip install pylint",Ugwmgd4uiSQBw8_fht14AaABAg,0,4년 전,2025-11-26 17:44:08,2025-11-26 17:44:08,
yytWGELNeOI,Ugwmgd4uiSQBw8_fht14AaABAg.9LzN50XA6vn9M-2orbwmKb,@ajae_guitar572, @jocoding  네 좀 해매다 보니 그렇게 되네요 더듬더듬 배워봅니다 ^ ^;;,Ugwmgd4uiSQBw8_fht14AaABAg,1,4년 전,2025-11-26 17:44:08,2025-11-26 17:44:08,
yytWGELNeOI,UgxOZ9ph1U_QGw1SYRl4AaABAg.9LBvzihPNI79LByvbp0ACm,@jocoding,cmd를 실행하는 것이면 맥북은 terminal을 실행하시면 됩니다!,UgxOZ9ph1U_QGw1SYRl4AaABAg,0,4년 전,2025-11-26 17:44:08,2025-11-26 17:44:08,
yytWGELNeOI,UgzPAaDEorapL-RHtfF4AaABAg.9Asn-0a5uRi9AtLQwgexjv,@jocoding,"https://blockdmask.tistory.com/341
비슷한 방식으로 설치하실 수 있어요!",UgzPAaDEorapL-RHtfF4AaABAg,1,5년 전,2025-11-26 17:44:08,2025-11-26 17:44:08,
yytWGELNeOI,UgxFHsw4By83glTwx2t4AaABAg.9Bajy7e83PW9Bc87WY4ndG,@jocoding,파이썬 turrle 앞으로 50 이게 어떤 의미인지 잘모르겠네요ㅠ 어떤 것을 실행하신 건가요?,UgxFHsw4By83glTwx2t4AaABAg,0,5년 전,2025-11-26 17:44:08,2025-11-26 17:44:08,
yytWGELNeOI,Ugy0OsA9Tdvsnjw1gNJ4AaABAg.9M4TMEpG4dc9M4XZAPg8X8,@jocoding,이름은 파이썬으로 똑같아요!,Ugy0OsA9Tdvsnjw1gNJ4AaABAg,0,4년 전,2025-11-26 17:44:08,2025-11-26 17:44:08,
yytWGELNeOI,Ugz7w4uozUXrgULLw194AaABAg.9Krs3FRf8FQ9Ks3859DhOw,@jocoding,"https://youtu.be/4DzGOpsT3bw?t=410
위 영상을 참고하셔서 터미널을 cmd로 변경 후 시도해보세요!",Ugz7w4uozUXrgULLw194AaABAg,0,4년 전,2025-11-26 17:44:08,2025-11-26 17:44:08,
yytWGELNeOI,Ugz7w4uozUXrgULLw194AaABAg.9Krs3FRf8FQ9Ks8K5xk2-d,@희희-f9j, @jocoding  아하 되네요 감사합니다,Ugz7w4uozUXrgULLw194AaABAg,0,4년 전,2025-11-26 17:44:08,2025-11-26 17:44:08,
yytWGELNeOI,UgyrxuioaehsdMipey14AaABAg.9MOAjMc-joZ9MOw6bfV722,@jocoding,아마 기존에 python 3.8.x 버전이 설치되어서 그럴 것 같아요! 제어판 > 프로그램 추가 제거에서 python을 삭제하신 후 다시 설치하시면 보이실 겁니다.,UgyrxuioaehsdMipey14AaABAg,0,4년 전,2025-11-26 17:44:08,2025-11-26 17:44:08,
yytWGELNeOI,Ugwq-p31eO45OXEUqwV4AaABAg.9KbF66Td0Fe9Kd5198BCkW,@jocoding,"Django, Flask 등으로 html과 연결할 수는 있습니다!",Ugwq-p31eO45OXEUqwV4AaABAg,0,4년 전,2025-11-26 17:44:08,2025-11-26 17:44:08,
yytWGELNeOI,UgzAPnTs7c6tsIyOFOh4AaABAg.9YTc7vUo93J9YTcBWZM40t,@호이-i8n,한국어 패치로 됐더라고요..,UgzAPnTs7c6tsIyOFOh4AaABAg,1,3년 전,2025-11-26 17:44:08,2025-11-26 17:44:08,
yytWGELNeOI,UgzAPnTs7c6tsIyOFOh4AaABAg.9YTc7vUo93J9YUpZzZusyn,@jocoding,"https://kcmschool.com/196
위 블로그를 참고해주세요!",UgzAPnTs7c6tsIyOFOh4AaABAg,0,3년 전,2025-11-26 17:44:08,2025-11-26 17:44:08,
yytWGELNeOI,UgxAmnlyZO_dO1zu6854AaABAg.9HqPC0HkrMa9I38sJ1DGxk,@jocoding,"https://youtu.be/4DzGOpsT3bw?t=411
여기 6분 50초 쯤부터 보시면 cmd로 설정하는 방법이 나옵니다! 위 영상을 참고하시면 도움이 되실 것 같아요!",UgxAmnlyZO_dO1zu6854AaABAg,0,4년 전,2025-11-26 17:44:08,2025-11-26 17:44:08,
yytWGELNeOI,Ugxce__gNVNFCvHi4M54AaABAg.9PiulU7SPUO9PmUKW1k3OG,@jocoding,"https://www.youtube.com/playlist?list=PLU9-uwewPMe2AX9o9hFgv-nRvOcBdzvP5
위 재생목록을 통해서 배우실 수 있습니다!",Ugxce__gNVNFCvHi4M54AaABAg,0,4년 전,2025-11-26 17:44:08,2025-11-26 17:44:08,
yytWGELNeOI,UgxnE-96J9Mlm9V1eRR4AaABAg.9KQt2ndm88t9KSAPRZWUHI,@jocoding,엑세스 거부는 관리자 권한으로 실행하시면 해결되실 것 같습니다!,UgxnE-96J9Mlm9V1eRR4AaABAg,0,4년 전,2025-11-26 17:44:08,2025-11-26 17:44:08,
yytWGELNeOI,UgxnE-96J9Mlm9V1eRR4AaABAg.9KQt2ndm88t9KTMdOWpjG4,@마요-s2g, @jocoding  vs코드를 관리자로 시작하나요..?,UgxnE-96J9Mlm9V1eRR4AaABAg,0,4년 전,2025-11-26 17:44:08,2025-11-26 17:44:08,
yytWGELNeOI,Ugy5E7c5Xafrh-p-nk94AaABAg.9C7ClvXoYB69C7yjGxYKsr,@jocoding,네! 파이참으로 진행하셔도 전혀 문제 없습니다ㅎㅎ,Ugy5E7c5Xafrh-p-nk94AaABAg,0,5년 전,2025-11-26 17:44:08,2025-11-26 17:44:08,
yytWGELNeOI,UgziRVXbgQYokUkw2Ax4AaABAg.9T3xOhcP6pr9TVQWoVtODN,@startcoding.official,"C 드라이브가 없는 데 C:/Users/ASUS/doo.py 로 파일위치가 생성되나요? 
음.. 그냥 바탕 화면이나 내 문서 폴더 같은 곳에 저장해도 상관 없습니다 :)",UgziRVXbgQYokUkw2Ax4AaABAg,1,4년 전,2025-11-26 17:44:08,2025-11-26 17:44:08,
yytWGELNeOI,Ugwzo4APnEkCBqCgjgN4AaABAg.9UdPJeD1Zgk9Udf8P7qYAh,@jocoding,실행중이라 덮어쓸 수 없을 수 있으니 사용중인 프로그램은 종료해주시고 그래도 안되시면 에디터를 관리자 권한으로 실행해보세요!,Ugwzo4APnEkCBqCgjgN4AaABAg,0,4년 전,2025-11-26 17:44:08,2025-11-26 17:44:08,
yytWGELNeOI,UgySeLlBudSW59GefH94AaABAg.9LQVWdtzp_R9LQVyklV7YG,@aeng-ju,"그리고 pylint는 검색해도 뜨지 않네요 ,, 버전차이인건가요?? 버전은 3.9.2 입니다",UgySeLlBudSW59GefH94AaABAg,1,4년 전,2025-11-26 17:44:08,2025-11-26 17:44:08,
yytWGELNeOI,UgySeLlBudSW59GefH94AaABAg.9LQVWdtzp_R9LROojmA3b0,@jocoding,"https://youtu.be/4DzGOpsT3bw?t=410
위 영상 6분 50초 부근에 나오는 것 처럼 cmd 환경으로 설정을 맞춰주시면 똑같이 되실겁니다!",UgySeLlBudSW59GefH94AaABAg,0,4년 전,2025-11-26 17:44:08,2025-11-26 17:44:08,
yytWGELNeOI,UgwgyDsQV0LX4rG3h014AaABAg.9W_1z9ECflw9WbNBLHWrTj,@jocoding,"https://hianna.tistory.com/349

cmd 전환을 하시면 똑같이 되실 것 입니다!",UgwgyDsQV0LX4rG3h014AaABAg,0,3년 전,2025-11-26 17:44:08,2025-11-26 17:44:08,
yytWGELNeOI,UgygRqdMsW0_zeGf9Hh4AaABAg.9GutgFq1cix9Guw4wew2jr,@jocoding,"d 드라이브 이동도 가능합니다! 아래와 같이 입력하시면 됩니다.
D:",UgygRqdMsW0_zeGf9Hh4AaABAg,0,4년 전,2025-11-26 17:44:08,2025-11-26 17:44:08,
yytWGELNeOI,UgygRqdMsW0_zeGf9Hh4AaABAg.9GutgFq1cix9Guy6zEeWCQ,@whowho0726, @jocoding  그럼 cd D:\파일이름 하면 되는건가요?,UgygRqdMsW0_zeGf9Hh4AaABAg,0,4년 전,2025-11-26 17:44:08,2025-11-26 17:44:08,
yytWGELNeOI,Ugy02oIwfbMno9nrnyh4AaABAg.9NnYgTg3gtT9No0ntGfwGh,@jocoding,프로그래밍 언어 사용하는 과목이 있다면 따라가시는데 도움이 되실 것 같아요!,Ugy02oIwfbMno9nrnyh4AaABAg,0,4년 전,2025-11-26 17:44:08,2025-11-26 17:44:08,
yytWGELNeOI,UgynxALL3nwtqepmBbB4AaABAg.9AXJpu4XiYc9AXKx2xoMiU,@jocoding,오 1빠 축하드립니다!ㅎㅎ,UgynxALL3nwtqepmBbB4AaABAg,0,5년 전,2025-11-26 17:44:08,2025-11-26 17:44:08,
yytWGELNeOI,Ugz06IhZq1hFtNJ_EEZ4AaABAg.9GCWfj4NQMQ9GCiDZDB2Si,@jocoding,"동물상 테스트로 주식 그래프 테스트
https://www.python.org/downloads/windows/
여기서  Windows x86 executable installer 이걸 받으시면 됩니다!",Ugz06IhZq1hFtNJ_EEZ4AaABAg,2,5년 전,2025-11-26 17:44:08,2025-11-26 17:44:08,
yytWGELNeOI,UgxmFJ9MB_qo-4_qZCt4AaABAg.9JmPhL-dMiw9JmT_4I9DQM,@jocoding,vscode의 python extension이 설치가 잘 안된 것 같아요! 설치 된 것을 확인해보시고 재실행 해보세요,UgxmFJ9MB_qo-4_qZCt4AaABAg,1,4년 전,2025-11-26 17:44:08,2025-11-26 17:44:08,
yytWGELNeOI,Ugy4bOiLMYHoihEtJrp4AaABAg.9OFg0bnQC9q9OFn_i3C95x,@jocoding,"https://youtu.be/7lFbKTVzj1c?t=396
power shell로 설정되어있어서 그런 것인데 여기 6분 35초 부근을 참고하여 cmd로 변경해주세요!",Ugy4bOiLMYHoihEtJrp4AaABAg,0,4년 전,2025-11-26 17:44:08,2025-11-26 17:44:08,
yytWGELNeOI,Ugy4bOiLMYHoihEtJrp4AaABAg.9OFg0bnQC9q9OI5-2XLH-b,@bcstudy4581, @jocoding  우와 감사합니다!!,Ugy4bOiLMYHoihEtJrp4AaABAg,0,4년 전,2025-11-26 17:44:08,2025-11-26 17:44:08,
yytWGELNeOI,Ugx8zm_sOxvtcSSAxqp4AaABAg.9HjKaZSmVqT9HlCvdyAXg7,@jocoding,흠 그렇다면 설치가 재대로 안된 것 같습니다ㅠ 다시한번 설치해보세요!,Ugx8zm_sOxvtcSSAxqp4AaABAg,0,4년 전,2025-11-26 17:44:08,2025-11-26 17:44:08,
yytWGELNeOI,Ugx8zm_sOxvtcSSAxqp4AaABAg.9HjKaZSmVqT9I0h4zK6iRO,@퐁핑핑-q9w, @jocoding  1시간 동안 설치 계속해도 안 뜨면 어떡하죠..,Ugx8zm_sOxvtcSSAxqp4AaABAg,0,4년 전,2025-11-26 17:44:08,2025-11-26 17:44:08,
yytWGELNeOI,UgyoZB-Bi7jULKUuzRZ4AaABAg.9AfOVh0poIS9Ag0usOwMPh,@jocoding,.html 파일을 생성하시고 거기에 !를 입력하신 후 tab을 누르시면 됩니다!,UgyoZB-Bi7jULKUuzRZ4AaABAg,0,5년 전,2025-11-26 17:44:08,2025-11-26 17:44:08,
yytWGELNeOI,Ugw1D4p8WWLZUuJncZV4AaABAg.9Dx19CaqDOU9DxX38xxHNA,@jocoding,저는 반대라고 생각합니다. C언어가 더 개념이 많고 어려워서 파이썬을 배운 다음에 배우면 더 쉽습니다. 그리고 파이썬만 알아도 충분히 할 수 있는 것이 많아서 굳이 C언어를 안배워도 된다고 생각합니다!,Ugw1D4p8WWLZUuJncZV4AaABAg,0,5년 전(수정됨),2025-11-26 17:44:08,2025-11-26 17:44:08,
yytWGELNeOI,Ugw1D4p8WWLZUuJncZV4AaABAg.9Dx19CaqDOU9FK9R9diuRa,@최진선-y6q, @jocoding  답글 감사합니다. 도움이 되었습니다.^^,Ugw1D4p8WWLZUuJncZV4AaABAg,1,5년 전,2025-11-26 17:44:08,2025-11-26 17:44:08,
yytWGELNeOI,Ugx6tHhOA9fW3OGARgl4AaABAg.9CBjOt0T-rP9CD6S0HC023,@jocoding,흠.. 설치가 왜 안되는지 잘 모르겠군요ㅠ 32비트도 PC와 상관 없이 설치할 수 있으니 32비트로 설치해보세요!,Ugx6tHhOA9fW3OGARgl4AaABAg,0,5년 전,2025-11-26 17:44:08,2025-11-26 17:44:08,
yytWGELNeOI,Ugx6tHhOA9fW3OGARgl4AaABAg.9CBjOt0T-rP9CDAIFXY0rC,@김성윤-m1r, @jocoding  일단 32비트도 같은 현상 일어나서 다른데에서도 알아보긴햇는데 다른데선 기다리면 되던 사람들이 있다는 말을 들어서 기다리는중입니다 ..,Ugx6tHhOA9fW3OGARgl4AaABAg,1,5년 전,2025-11-26 17:44:08,2025-11-26 17:44:08,
yytWGELNeOI,Ugx6tHhOA9fW3OGARgl4AaABAg.9CBjOt0T-rP9CGNq3MRd10,@김성윤-m1r," @jocoding  해결 했습니다. 
원인은 모르겟지만 해결법은 둘중하나입니다. 윈도우즈 업데이트 or 제어판 프로그램 들어가서 microsoft visual c++ 관련된 프로그램 전부 삭제하니깐 됩니다.",Ugx6tHhOA9fW3OGARgl4AaABAg,1,5년 전,2025-11-26 17:44:08,2025-11-26 17:44:08,
yytWGELNeOI,UgxrPsoTfWmGHuGLluR4AaABAg.9Mh6Gp_BVLz9Mijpb44Vnr,@jocoding,네 가능합니다!,UgxrPsoTfWmGHuGLluR4AaABAg,0,4년 전,2025-11-26 17:44:08,2025-11-26 17:44:08,
yytWGELNeOI,Ugwip4Acd2-fp0lbaiV4AaABAg.9JpEzLvzQfG9JpRD4jMVEH,@jocoding,"https://youtu.be/4DzGOpsT3bw?t=410
여기 6분 50초 부근을 참고해주세요!",Ugwip4Acd2-fp0lbaiV4AaABAg,0,4년 전,2025-11-26 17:44:08,2025-11-26 17:44:08,
yytWGELNeOI,Ugwip4Acd2-fp0lbaiV4AaABAg.9JpEzLvzQfG9JpT9HQTx3K,@rlagusdn6763, @jocoding  감사합니다!,Ugwip4Acd2-fp0lbaiV4AaABAg,1,4년 전,2025-11-26 17:44:08,2025-11-26 17:44:08,
yytWGELNeOI,Ugxu_HFvI5It6O_XmPx4AaABAg.9HzBjudcROZ9I-DDeAIgSz,@jocoding,오 성공하셨군요! 다행입니다ㅎㅎ,Ugxu_HFvI5It6O_XmPx4AaABAg,0,4년 전,2025-11-26 17:44:08,2025-11-26 17:44:08,
yytWGELNeOI,UgzDtGrxcoMbUlCMxq54AaABAg.9FAINlVpurq9FE2LyCP9LH,@jocoding,"아마 power shell로 설정되어서 그런 것 같은데 cmd로 진행하시면 되실거에요! 아래 블로그를 참고하시면 변환하실 수 있습니다
https://hianna.tistory.com/349",UgzDtGrxcoMbUlCMxq54AaABAg,0,5년 전,2025-11-26 17:44:08,2025-11-26 17:44:08,
yytWGELNeOI,UgzQ-TzRjzEDyPvIxgZ4AaABAg.9KDPKxsFJ9p9KDxJilyZHY,@jocoding,IDLE를 실행하실 때 마우스 우클릭 후 관리자 권한으로 실행하시면 되실겁니다! 혹은 user 폴더에 저장하는 것도 괜찮습니다 :),UgzQ-TzRjzEDyPvIxgZ4AaABAg,0,4년 전,2025-11-26 17:44:08,2025-11-26 17:44:08,
yytWGELNeOI,UgwmLeD4vOKp1rEtsl54AaABAg.9F8yrRVqsvn9FE1TFcmzU4,@jocoding,"파이썬 언어와 numpy, pandas 등 데이터 분석 관련 라이브러리를 학습하시고 통계학도 배우시면 좋을 것 같습니다!",UgwmLeD4vOKp1rEtsl54AaABAg,0,5년 전,2025-11-26 17:44:08,2025-11-26 17:44:08,
yytWGELNeOI,UgwmLeD4vOKp1rEtsl54AaABAg.9F8yrRVqsvn9FE1vfPT9_i,@목련마을미남, @jocoding  독학가능해요?,UgwmLeD4vOKp1rEtsl54AaABAg,0,5년 전,2025-11-26 17:44:08,2025-11-26 17:44:08,
yytWGELNeOI,UgyYPULmQ33dHxLkuAZ4AaABAg.9UMGTY-kH1z9UQ14BK8W7L,@jocoding,PyGame 라이브러리를 활용하면 만들 수 있습니다!,UgyYPULmQ33dHxLkuAZ4AaABAg,0,4년 전,2025-11-26 17:44:08,2025-11-26 17:44:08,
yytWGELNeOI,UgyYPULmQ33dHxLkuAZ4AaABAg.9UMGTY-kH1z9UQiq4FS1A9,@reimunyancat, @jocoding  감사합니다!,UgyYPULmQ33dHxLkuAZ4AaABAg,0,4년 전,2025-11-26 17:44:08,2025-11-26 17:44:08,
yytWGELNeOI,Ugw6ieMf2omewJvacGx4AaABAg.9WlW0ApUtUw9WlrZTFqfIS,@jocoding,17:30 부근에 나오는 python 익스텐션을 설치하시고 vscode를 재시작하시면 나오실겁니다!,Ugw6ieMf2omewJvacGx4AaABAg,1,3년 전,2025-11-26 17:44:08,2025-11-26 17:44:08,
yytWGELNeOI,Ugw6ieMf2omewJvacGx4AaABAg.9WlW0ApUtUw9WnygmEbJTS,@kkililil,​ @jocoding  아 제가 파일 이름을 hello.py로 안 했었네요. 아무튼 바쁘실 텐데 답장 정말 감사합니다.,Ugw6ieMf2omewJvacGx4AaABAg,1,3년 전,2025-11-26 17:44:08,2025-11-26 17:44:08,
yytWGELNeOI,UgxWfXn-GngNwYgjKV54AaABAg.9B08w9-9Jbp9B0RnqZ4mZJ,@jocoding,"https://youtu.be/wpUiN5hBnyc
코딩 공부 순서에 대한 영상 올려둔 것이 있는데 참고해보시면 좋을 것 같아요!",UgxWfXn-GngNwYgjKV54AaABAg,1,5년 전,2025-11-26 17:44:08,2025-11-26 17:44:08,
yytWGELNeOI,UgzvT34HEEQyvDT_XNt4AaABAg.9HFVWyGG0Ht9HJ_BBLNVkp,@jocoding,"pip uninstall wheel
이렇게 명령어를 한번 입력해주세요!",UgzvT34HEEQyvDT_XNt4AaABAg,1,4년 전,2025-11-26 17:44:08,2025-11-26 17:44:08,
yytWGELNeOI,UgzvT34HEEQyvDT_XNt4AaABAg.9HFVWyGG0Ht9HJfyxnJ5eg,@쏭인턴," @jocoding  답변 감사합니다. 아무래도 옛날 영상이라 솔직히 답변  못 해주실 것 같았는데, 이렇게 빨리 답변해주시다니 정말 감사합니다.
조코딩님 덕분에 편하게 공부 하네요. 진심으로 고마워요",UgzvT34HEEQyvDT_XNt4AaABAg,1,4년 전,2025-11-26 17:44:08,2025-11-26 17:44:08,
yytWGELNeOI,UgzdHbL3jymmlpjU8h14AaABAg.9HduumNGI9U9Hg0wGvnZUt,@jocoding,네! 기본적인 문법은 똑같습니다 :),UgzdHbL3jymmlpjU8h14AaABAg,0,4년 전,2025-11-26 17:44:08,2025-11-26 17:44:08,
yytWGELNeOI,Ugz-bhls-TenALxkFtZ4AaABAg.9Ezu-sH7r5a9F-UbLsWUk-,@jocoding,"https://tttsss77.tistory.com/97
폰트 관련 내용은 위 블로그를 참고해주세요!",Ugz-bhls-TenALxkFtZ4AaABAg,0,5년 전,2025-11-26 17:44:08,2025-11-26 17:44:08,
yytWGELNeOI,Ugwd-496x4oykyF8Crt4AaABAg.9LL7MVEFYY19LM5WWFFAwu,@jocoding,현재 터미널 경로가 파일을 생성한 경로와 일치하는지 확인해보세요!,Ugwd-496x4oykyF8Crt4AaABAg,0,4년 전,2025-11-26 17:44:08,2025-11-26 17:44:08,
yytWGELNeOI,Ugwd-496x4oykyF8Crt4AaABAg.9LL7MVEFYY19LMCiJ0SNYQ,@ladincrashvolt842, @jocoding  경로가 똑같은데도 그래요...ㅠ,Ugwd-496x4oykyF8Crt4AaABAg,0,4년 전,2025-11-26 17:44:08,2025-11-26 17:44:08,
yytWGELNeOI,UgwC4cwMS-DUqOnjixZ4AaABAg.9FM4wSx6bzP9FM56DCJ_SA,@온리게임-e7b,파이썬을 아예 안써요 (파이썬)아이들도 안써요,UgwC4cwMS-DUqOnjixZ4AaABAg,1,5년 전(수정됨),2025-11-26 17:44:08,2025-11-26 17:44:08,
yytWGELNeOI,UgwC4cwMS-DUqOnjixZ4AaABAg.9FM4wSx6bzP9FOojIrLC7M,@jocoding,오 그렇군요!,UgwC4cwMS-DUqOnjixZ4AaABAg,0,5년 전,2025-11-26 17:44:08,2025-11-26 17:44:08,
yytWGELNeOI,UgyRy70Pyd3gPcri2z54AaABAg.9TMVjF3DIXC9TMfFu9kkHd,@jocoding,기본적인 문법은 동일하여 상관 없습니다!,UgyRy70Pyd3gPcri2z54AaABAg,0,4년 전,2025-11-26 17:44:08,2025-11-26 17:44:08,
yytWGELNeOI,Ugz7ANX1unwcNtbZzS54AaABAg.9FoqDfF6BvG9FovoMAOi_y,@jocoding,"완전 초보가 시작해도 좋지만 HTML 같은 화면을 그리는 법을 먼저 배우시는 것도 좋을 것 같아요! 아래 코딩 공부 순서에 관한 영상을 참고해주세요 :)
https://youtu.be/wpUiN5hBnyc",Ugz7ANX1unwcNtbZzS54AaABAg,1,5년 전,2025-11-26 17:44:08,2025-11-26 17:44:08,
yytWGELNeOI,UgzYD3m3dWwF74W9IZZ4AaABAg.9Yxegoo2eFg9Z39nU2i-N4,@Happyday-m6u,vs 언어 변경 검색하시면 됩니다. 구글링의 생활화 ^^ 코딩의 필수 덕목입니다.,UgzYD3m3dWwF74W9IZZ4AaABAg,0,3년 전,2025-11-26 17:44:08,2025-11-26 17:44:08,
yytWGELNeOI,Ugwkncwsm5tkYLejVAR4AaABAg.9KXtyU2fGQd9KYlhmAOVAx,@jocoding,"안녕하세요 PPT는 이지스퍼블리싱 출판사에서 제공해준 ""점프 투 파이썬"" 교제의 내용을 담은 ppt 버전을 변형하여 만든 것이라 공식적으로 제공해드리기는 어려울 것 같습니다ㅠ",Ugwkncwsm5tkYLejVAR4AaABAg,0,4년 전,2025-11-26 17:44:08,2025-11-26 17:44:08,
yytWGELNeOI,UgxYejLrwg9dlqXLuNR4AaABAg.9N8aOBV0Qaw9NA4gH9hxal,@jocoding,"크게 중요한 옵션은 아니라 그냥 진행하셔도 괜찮을 것 같습니다!
경로의 글자 제한을 없애는 것인데 경로 구조가 많이 길지 않고 동작하는데 문제 없다면 계속 문제 없습니다!",UgxYejLrwg9dlqXLuNR4AaABAg,0,4년 전,2025-11-26 17:44:08,2025-11-26 17:44:08,
yytWGELNeOI,UgxI6-ivL43QZzvUmil4AaABAg.9DAZbxw4ehX9DFLLWP8Ein,@jocoding,나누기를 하게되면 실수형 자료형을 return 해주게 되어 소수점이 붙게됩니다! 위에서는 더하기와 곱하기만 사용하여서 정수형 자료형이 나온 것입니다ㅎㅎ,UgxI6-ivL43QZzvUmil4AaABAg,0,5년 전,2025-11-26 17:44:08,2025-11-26 17:44:08,
yytWGELNeOI,UgwLQTO_HNohVYZUhZJ4AaABAg.9JXn135Ovht9JYVBOc1ISv,@jocoding,네 가능합니다!,UgwLQTO_HNohVYZUhZJ4AaABAg,0,4년 전,2025-11-26 17:44:08,2025-11-26 17:44:08,
yytWGELNeOI,Ugx-Goj67zebXR2HwxJ4AaABAg.9S9-Z3xM47f9SC6Q1hJywQ,@jocoding,네 가능합니다!!,Ugx-Goj67zebXR2HwxJ4AaABAg,0,4년 전,2025-11-26 17:44:08,2025-11-26 17:44:08,
yytWGELNeOI,Ugx-Goj67zebXR2HwxJ4AaABAg.9S9-Z3xM47f9TVQnBttEjM,@startcoding.official,pygame 이라는 라이브러리가 있어요!,Ugx-Goj67zebXR2HwxJ4AaABAg,0,4년 전,2025-11-26 17:44:08,2025-11-26 17:44:08,
yytWGELNeOI,Ugx19YV3DBKQJkabngV4AaABAg.9GqpCCOLUIZ9GsQUIjby8R,@jocoding,이 영상들은 점프 투 파이썬으로 수업을 진행합니다!,Ugx19YV3DBKQJkabngV4AaABAg,0,4년 전,2025-11-26 17:44:08,2025-11-26 17:44:08,
yytWGELNeOI,Ugx19YV3DBKQJkabngV4AaABAg.9GqpCCOLUIZ9GsQfa6S8F0,@WW-xd9jo,감사합니다,Ugx19YV3DBKQJkabngV4AaABAg,1,4년 전,2025-11-26 17:44:08,2025-11-26 17:44:08,
yytWGELNeOI,Ugzct3fvqLub60QQNPB4AaABAg.9S4D4cZeJ6e9S8F4ED7SRF,@jocoding,"https://code.visualstudio.com/
이걸로 설치하시면 됩니다!
cmd 변경 방법은 vscode에서 Ctrl + Shft + P 누르신 후 Select Default Profile 선택하신 후 Command Prompt를 선택해주세요!",Ugzct3fvqLub60QQNPB4AaABAg,1,4년 전,2025-11-26 17:44:08,2025-11-26 17:44:08,
yytWGELNeOI,Ugzct3fvqLub60QQNPB4AaABAg.9S4D4cZeJ6e9S9Y6SGnvlv,@잼2-k3l,감사합니당ㅜㅜㅜㅜ,Ugzct3fvqLub60QQNPB4AaABAg,1,4년 전,2025-11-26 17:44:08,2025-11-26 17:44:08,
yytWGELNeOI,UgwiZLQJx5ol0J-fYW14AaABAg.9Joj3s-O98K9JpEsrnB2P5,@jocoding,"https://youtu.be/4DzGOpsT3bw?t=410
여기 6분 50초 부근을 참고해주세요!",UgwiZLQJx5ol0J-fYW14AaABAg,0,4년 전,2025-11-26 17:44:08,2025-11-26 17:44:08,
yytWGELNeOI,UgyPRPPgwwppCQhHkiJ4AaABAg.9AXMLQUqOy19AXMZkfSWYr,@jocoding,"말 사이의 공백이랑 별로 중요하지 않은 부분들은 다 잘라냈어요!
원본 1시간 35분짜리를 22분으로 압축하였습니다 :)",UgyPRPPgwwppCQhHkiJ4AaABAg,0,5년 전,2025-11-26 17:44:08,2025-11-26 17:44:08,
yytWGELNeOI,UgyPRPPgwwppCQhHkiJ4AaABAg.9AXMLQUqOy19AXOg6zgvTd,@prooooy, @jocoding  감사합니당~풀버전 이제 곧 보려고 했는데 편집본 올려주신거 감사합니다 ㅎㅎ,UgyPRPPgwwppCQhHkiJ4AaABAg,1,5년 전,2025-11-26 17:44:08,2025-11-26 17:44:08,
yytWGELNeOI,UgzwdhuzV6lzFWoBHwF4AaABAg.9SVi4KPnCs_9SWVpfs8oPk,@jocoding,.py를 먼저 만들고 그 안에 텍스트를 입력해보세요! 영상(16:09)에도 나와있습니다!,UgzwdhuzV6lzFWoBHwF4AaABAg,0,4년 전,2025-11-26 17:44:08,2025-11-26 17:44:08,
yytWGELNeOI,UgxepAwmIp9rhoKkzx14AaABAg.9U8w1FIrrGD9U9XttXp-Dl,@jocoding,"Vscode에서 ctrl+shift+P를 눌러서 ""Python: Select interpreter""를 누르고 파이썬 버전을 선택해주세요!",UgxepAwmIp9rhoKkzx14AaABAg,0,4년 전,2025-11-26 17:44:08,2025-11-26 17:44:08,
yytWGELNeOI,UgxepAwmIp9rhoKkzx14AaABAg.9U8w1FIrrGD9U9YQMQzCOi,@사람-t5d2h, @jocoding  네!,UgxepAwmIp9rhoKkzx14AaABAg,1,4년 전,2025-11-26 17:44:08,2025-11-26 17:44:08,
yytWGELNeOI,Ugzr__TlApBVnuch-wp4AaABAg.9HfzCu6Nqpk9Hg09zsJ5pW,@jocoding,"./는 현재 폴더라는 의미로 그냥 hello.py랑 똑같습니다! pylint는 아래 페이지를 참고해주세요!
https://code.visualstudio.com/docs/python/linting",Ugzr__TlApBVnuch-wp4AaABAg,0,4년 전,2025-11-26 17:44:08,2025-11-26 17:44:08,
yytWGELNeOI,UgwZ_KDtPvaLgHE8Js94AaABAg.9WnzxrFu1S99Wo-OzSTrzO,@jocoding,"https://sun-kakao.tistory.com/92
위 블로그에 해결 방법이 정리되어있는데 참고해주세요!",UgwZ_KDtPvaLgHE8Js94AaABAg,0,3년 전,2025-11-26 17:44:08,2025-11-26 17:44:08,
yytWGELNeOI,Ugyrqjdn0d4TOZFr-XV4AaABAg.9Fv9ASb0WGd9Fx17Oii7nC,@jocoding,"맥OS도 문제없이 똑같이 진행하실 수 있습니다 :)
들여쓰기 간격조절은 주로 탭을 이용합니다!",Ugyrqjdn0d4TOZFr-XV4AaABAg,0,5년 전,2025-11-26 17:44:08,2025-11-26 17:44:08,
yytWGELNeOI,Ugw8zv0tloMixGBA3wR4AaABAg.9MXkzLvfXbg9MYNoVW_ApI,@jocoding,비슷합니다! 똑같이 설치하시고 실행 명령어를 python3 파일명.py로 실행하시면 파이썬 3를 사용하실 수 있습니다.,Ugw8zv0tloMixGBA3wR4AaABAg,1,4년 전,2025-11-26 17:44:08,2025-11-26 17:44:08,
yytWGELNeOI,Ugw8zv0tloMixGBA3wR4AaABAg.9MXkzLvfXbg9MaqssTjVPg,@헺-m4s, @jocoding  감사합니다! 다행이에요 ㅎㅎ 다른강의도 조만간 정주행 하겠습니다. 컨텐츠 정말 좋아요,Ugw8zv0tloMixGBA3wR4AaABAg,1,4년 전,2025-11-26 17:44:08,2025-11-26 17:44:08,
yytWGELNeOI,UgxCYfWSj6eKt3caLWx4AaABAg.9N99dkuej349NA5qXOvIy9,@jocoding,거의 똑같습니다!,UgxCYfWSj6eKt3caLWx4AaABAg,0,4년 전,2025-11-26 17:44:08,2025-11-26 17:44:08,
yytWGELNeOI,UgxCYfWSj6eKt3caLWx4AaABAg.9N99dkuej349NA6bsIW0Dv,@thebeamerboy12, @jocoding  네 감사합니다!,UgxCYfWSj6eKt3caLWx4AaABAg,1,4년 전,2025-11-26 17:44:08,2025-11-26 17:44:08,
yytWGELNeOI,Ugy3qAlDPBg36rJVQaJ4AaABAg.9SRbmz9pQ1h9STsWuUlysO,@jocoding,"64비트 컴퓨터에 32비트 파이썬 프로그램 설치해도 괜찮습니다!
파이썬 공식 홈페이지에서 32비트용을 다운 받아서 설치하시면 됩니다.",Ugy3qAlDPBg36rJVQaJ4AaABAg,1,4년 전,2025-11-26 17:44:08,2025-11-26 17:44:08,
yytWGELNeOI,Ugz_XQ2cP4ik0BBgaEJ4AaABAg.9K5vOO2Jh0e9K6Z6IwPPFK,@jocoding,"https://marketplace.visualstudio.com/items?itemName=ms-python.python
여기서 클릭해서 설치해보세요!
pylint는 아래 명령어를 터미널 창에 입력하여 설치할 수 있습니다.
pip install pylint",Ugz_XQ2cP4ik0BBgaEJ4AaABAg,0,4년 전,2025-11-26 17:44:08,2025-11-26 17:44:08,
yytWGELNeOI,Ugz4XGyrVYtk6gE6YW54AaABAg.9UEyTy4Bi499UFn78EWUPL,@jocoding,python과 함께 기본적으로 설치됩니다!,Ugz4XGyrVYtk6gE6YW54AaABAg,0,4년 전,2025-11-26 17:44:08,2025-11-26 17:44:08,
yytWGELNeOI,UgxbW1FIAX5i8pe6jop4AaABAg.9CT6knv4r0a9CTG_hxkJkO,@jocoding,"어플은 안드로이드는 Kotlin, 아이폰은 Swift, 크로스플랫폼은 JavaScript 추천드립니다!
https://youtu.be/nnrqBJqp0dU?t=583 여기 9분 43초쯤부터 부시면 어떤 것을 공부해야할지 내용이 나옵니다!",UgxbW1FIAX5i8pe6jop4AaABAg,0,5년 전,2025-11-26 17:44:08,2025-11-26 17:44:08,
yytWGELNeOI,Ugz7Ae6EDBM_NygaYxZ4AaABAg.9RGhN29knNc9RGhz_9I1U2,@jocoding,응원합니다!,Ugz7Ae6EDBM_NygaYxZ4AaABAg,0,4년 전,2025-11-26 17:44:08,2025-11-26 17:44:08,
yytWGELNeOI,UgzaouCv2QRM99xDFsN4AaABAg.9FbxDTdOgRW9Fg4xSosXAC,@jocoding,어떤 글씨가 뜨셨나요?,UgzaouCv2QRM99xDFsN4AaABAg,0,5년 전,2025-11-26 17:44:08,2025-11-26 17:44:08,
yytWGELNeOI,UgzaouCv2QRM99xDFsN4AaABAg.9FbxDTdOgRW9Gbo1ZklNwJ,@연종김-y9v,그냥 설치 안하고 넘어가도 되나요?,UgzaouCv2QRM99xDFsN4AaABAg,0,4년 전,2025-11-26 17:44:08,2025-11-26 17:44:08,
yytWGELNeOI,UgzaouCv2QRM99xDFsN4AaABAg.9FbxDTdOgRW9JwC5yZrCMO,@Kalen-c4o, @jocoding  답장 늦어서 죄송합니다 그 인스톨이 적용이 불가능 하다 이렇게 뜨네요,UgzaouCv2QRM99xDFsN4AaABAg,0,4년 전,2025-11-26 17:44:08,2025-11-26 17:44:08,
yytWGELNeOI,Ugw0OPj6VPtSaOdE4hN4AaABAg.9BbzgWxVZ2S9BcAzj8Db22,@jocoding,"감사합니다
댓글",Ugw0OPj6VPtSaOdE4hN4AaABAg,0,5년 전,2025-11-26 17:44:08,2025-11-26 17:44:08,
yytWGELNeOI,UgzsmKMe79vBudB-mlV4AaABAg.9KlxqP3rd-c9KnCjTzI0hb,@jocoding,"power shell이 기본으로 설정되어 있어서 그런 것인데 아래 영상을 참고하여 cmd로 바꿔주시면 동일하게 진행하실 수 있습니다!
https://www.youtube.com/watch?v=4DzGOpsT3bw&t=410s

추가로 ./은 현재 폴더를 의미하는 것이라 있으나 없으나 똑같습니다!",UgzsmKMe79vBudB-mlV4AaABAg,1,4년 전,2025-11-26 17:44:08,2025-11-26 17:44:08,
yytWGELNeOI,UgwbU2MGThFxsR3sH4R4AaABAg.9CSebBefzhG9CTDsZoO6IR,@jocoding,pip install pylint로 설치하셨다면 된 것 같아요! pip는 파이썬의 패키지 관리하는 것으로 외부에서 패키지를 다운받아 설치하는 역할을 합니다! https://code.visualstudio.com/docs/python/linting,UgwbU2MGThFxsR3sH4R4AaABAg,1,5년 전,2025-11-26 17:44:08,2025-11-26 17:44:08,
yytWGELNeOI,UgzDQR4pqmxnIWV0HA14AaABAg.9cyYDsnOsLH9cz8uPkazqI,@jocoding,그건 잘 모르겠군요,UgzDQR4pqmxnIWV0HA14AaABAg,0,3년 전,2025-11-26 17:44:08,2025-11-26 17:44:08,
yytWGELNeOI,UgzXPUOuNpuXueqER-14AaABAg.9ItaMYJIKxF9IyCbhBpHtL,@jocoding,네 D도 괜찮습니다!,UgzXPUOuNpuXueqER-14AaABAg,0,4년 전,2025-11-26 17:44:08,2025-11-26 17:44:08,
yytWGELNeOI,UgyQnYsim0tnVIeQ3Ah4AaABAg.9EkovXsMytT9F--OvaDRZG,@당당다구리,저희 교수님은 3.7.5 쓰라고 하세요 최신꺼는 문제가 많다고 하시더라구요,UgyQnYsim0tnVIeQ3Ah4AaABAg,0,5년 전,2025-11-26 17:44:08,2025-11-26 17:44:08,
yytWGELNeOI,UgyQnYsim0tnVIeQ3Ah4AaABAg.9EkovXsMytT9Idn8EX54VM,@nn9250,최신 버전은 오류와 최적화가 잘 안돼어 있을수 있어요!,UgyQnYsim0tnVIeQ3Ah4AaABAg,0,4년 전,2025-11-26 17:44:08,2025-11-26 17:44:08,
yytWGELNeOI,UgxoZlTtKkGrrXBMBkZ4AaABAg.9II3aUdwHa99ILe1djk3oz,@wookingwoo,아두이노 스케치를 사용합니다~,UgxoZlTtKkGrrXBMBkZ4AaABAg,0,4년 전,2025-11-26 17:44:08,2025-11-26 17:44:08,
yytWGELNeOI,UgxoZlTtKkGrrXBMBkZ4AaABAg.9II3aUdwHa99IRfBL1J4J8,@김준희-u9u,노트패드 추천드립니다!!,UgxoZlTtKkGrrXBMBkZ4AaABAg,0,4년 전,2025-11-26 17:44:08,2025-11-26 17:44:08,
yytWGELNeOI,Ugz_nIW3vdzdj7ohNvd4AaABAg.9Ms_MteX7W69Mt1156xNxl,@jocoding,pip install pylint를 하시면 설치됩니다!,Ugz_nIW3vdzdj7ohNvd4AaABAg,0,4년 전,2025-11-26 17:44:08,2025-11-26 17:44:08,
yytWGELNeOI,Ugysja7oJzMWEG7qFaN4AaABAg.9N1AL57E7hC9N72uJ0T2Dm,@jocoding,네네 다 무료입니다!,Ugysja7oJzMWEG7qFaN4AaABAg,0,4년 전,2025-11-26 17:44:08,2025-11-26 17:44:08,
yytWGELNeOI,UgxwbiEg6F6u1RuBH-14AaABAg.9AtcJCv3fwI9AtdcKXlWXu,@sangDu-park,자바스크립트부터 시작하려는데 어떨까요?,UgxwbiEg6F6u1RuBH-14AaABAg,1,5년 전(수정됨),2025-11-26 17:44:08,2025-11-26 17:44:08,
yytWGELNeOI,UgxwbiEg6F6u1RuBH-14AaABAg.9AtcJCv3fwI9AwKNusQWc4,@jocoding,"둘다 활용도가 매우 높은 언어라 어떤 것을 배우셔도 좋을 것 같습니다!
파이썬의 최대 장점은 머신러닝, 인공지능, 빅데이터 쪽 라이브러리가 잘되어있어서 활용하기 좋다는 점이고 자바스크립트는 웹이나 앱에 활용하기 좋다는 큰 점이 장점일 것 같습니다.",UgxwbiEg6F6u1RuBH-14AaABAg,1,5년 전,2025-11-26 17:44:08,2025-11-26 17:44:08,
yytWGELNeOI,Ugxd5uLJaTbCadNLs-t4AaABAg.9X2ikG6dtKU9X2kq_3V7jL,@jocoding,이번주에 파이썬 강의 리뉴얼한 2022버전이 올라오니 그걸로 시작해보시면 좋을 것 같아요!,Ugxd5uLJaTbCadNLs-t4AaABAg,0,3년 전,2025-11-26 17:44:08,2025-11-26 17:44:08,
yytWGELNeOI,UgxJhAJ663lF2QCuJbB4AaABAg.AEsgTGhNnBqAEt-UgCIDje,@jocoding,넵 아나콘다도 괜찮습니다!,UgxJhAJ663lF2QCuJbB4AaABAg,0,9개월 전,2025-11-26 17:44:08,2025-11-26 17:44:08,
yytWGELNeOI,Ugz0OrJtRzhB0fC3RZl4AaABAg.9LDb5Fh4uUF9LE_7VJAPrx,@jocoding,"pip install pylint 로 설치하셔도 괜찮습니다!
32비트 버전은 아래 영상의 3분 부분을 참고해주세요!
https://youtu.be/4DzGOpsT3bw?t=180",Ugz0OrJtRzhB0fC3RZl4AaABAg,0,4년 전,2025-11-26 17:44:08,2025-11-26 17:44:08,
yytWGELNeOI,Ugz0OrJtRzhB0fC3RZl4AaABAg.9LDb5Fh4uUF9LFWTeJplYP,@단독드리블," @jocoding  pip install pylint도 아래에 댓글 찾아서 해봤는데 안되더라구요
걍 포기해야겠습니다
답변 감사합니다!",Ugz0OrJtRzhB0fC3RZl4AaABAg,0,4년 전,2025-11-26 17:44:08,2025-11-26 17:44:08,
yytWGELNeOI,Ugx-7vkCUxYAJf4ysql4AaABAg.9DJ8WCstRSm9DJ9g5NGvRy,@jocoding,"유튜브에서 진행했는데 현재는 모두 끝났습니다! 아래 재생목록에서 라이브 강의 전체를 다 보실 수 있습니다ㅎㅎ
https://www.youtube.com/playlist?list=PLU9-uwewPMe2L7dC2us_C3LLwDL9vHQIx",Ugx-7vkCUxYAJf4ysql4AaABAg,0,5년 전,2025-11-26 17:44:08,2025-11-26 17:44:08,
yytWGELNeOI,Ugx-7vkCUxYAJf4ysql4AaABAg.9DJ8WCstRSm9DJAn3ZJOaa,@Kuiekuie, @jocoding   아 이강의 말고 다른 영상도 라이브로 보고 싶어서요 ㅎㅎ 라이브 유튜브에서 하나요? 늦은시간에 죄송합니다😔,Ugx-7vkCUxYAJf4ysql4AaABAg,1,5년 전(수정됨),2025-11-26 17:44:08,2025-11-26 17:44:08,
yytWGELNeOI,Ugx-7vkCUxYAJf4ysql4AaABAg.9DJ8WCstRSm9DJInH8A39R,@jocoding,아직 라이브 계획은 없는데 하게된다면 유튜브 커뮤니티 통해서 공지 올리겠습니다!ㅎㅎ,Ugx-7vkCUxYAJf4ysql4AaABAg,0,5년 전,2025-11-26 17:44:08,2025-11-26 17:44:08,
yytWGELNeOI,UgxFv2wbpCTXggu6n5Z4AaABAg.9K0gAtIA3az9K3g-kpD0U2,@jocoding,vscode를 관리자 권한으로 실행시면 되실겁니다!,UgxFv2wbpCTXggu6n5Z4AaABAg,0,4년 전,2025-11-26 17:44:08,2025-11-26 17:44:08,
yytWGELNeOI,Ugy1W8HNmaBoqjHjB1V4AaABAg.9HxOC-09eS39HxRazfQPMo,@jocoding,네네! 맥북은 기본적으로 파이썬이 설치되어있기도 하고 별도의 path 설정을 안해주어도 저동으로 됩니다!,Ugy1W8HNmaBoqjHjB1V4AaABAg,1,4년 전,2025-11-26 17:44:08,2025-11-26 17:44:08,
yytWGELNeOI,Ugy1W8HNmaBoqjHjB1V4AaABAg.9HxOC-09eS39HxSA9J_YbK,@김현우-o1y,감사해요ㅜㅜ,Ugy1W8HNmaBoqjHjB1V4AaABAg,0,4년 전,2025-11-26 17:44:08,2025-11-26 17:44:08,
yytWGELNeOI,UgxtHdYncRGkjYV-FYR4AaABAg.APkDc8zvz5CAPkv0eucdGa,@jocoding,"저는 메리트가 있다고 생각합니다. 기초는 알면 좋습니다! 관련하여 영상도 제작해둔 것이 있습니다!
https://youtu.be/7ttbyGI5igA?si=jtljePKkrfGjKksg",UgxtHdYncRGkjYV-FYR4AaABAg,1,5일 전,2025-11-26 17:44:08,2025-11-26 17:44:08,
yytWGELNeOI,Ugyos1QrnTYxt0wT_3V4AaABAg.9S14e9Q9UHW9S1RFavqfZO,@jocoding,칼리 리눅스는 컴퓨터 운영 체제(윈도우 같은 것)로 파이썬을 설치할 수는 있습니다!,Ugyos1QrnTYxt0wT_3V4AaABAg,0,4년 전,2025-11-26 17:44:08,2025-11-26 17:44:08,
yytWGELNeOI,UgyTHKd7UqfhymBXsCp4AaABAg.9VKRD9f7Drb9VMNuG6_ZQR,@jocoding,경로가 달라서 찾기 힘든 문제를 해결하기 위해 통일하였습니다! 꼭 C드라이브여야 할 필요는 없습니다!,UgyTHKd7UqfhymBXsCp4AaABAg,0,3년 전,2025-11-26 17:44:08,2025-11-26 17:44:08,
yytWGELNeOI,UgyAgE97l5fu-4cw48d4AaABAg.9FcKaJgV9Xc9Fg5Pn4c6Nw,@jocoding,"https://hack-cracker.tistory.com/101
리눅스는 위와 같이 진행하시면 됩니다!",UgyAgE97l5fu-4cw48d4AaABAg,0,5년 전,2025-11-26 17:44:08,2025-11-26 17:44:08,
yytWGELNeOI,UgwecaKll1CgjIds2654AaABAg.9C-W2eUboaI9C-pPj0o6MA,@jocoding,pygame 등 라이브러리를 활용하시면 게임도 만드실 수 있습니다! 그러나 주류 게임 엔진은 C#을 활용한 유니티나 C++을 활용한 Unreal 등을 많이 사용하여 게임 개발쪽 학습을 하고자 하신다면 이 2가지를 추천드립니다.,UgwecaKll1CgjIds2654AaABAg,0,5년 전(수정됨),2025-11-26 17:44:08,2025-11-26 17:44:08,
yytWGELNeOI,Ugy52v1E4hF-Z0UIgkd4AaABAg.9NBPH_o_xwe9NFOMsR5NiM,@jocoding,python extension이 잘 안깔린 것 같아요! 17:14 부분에 있는 것을 설치하시고 vscode를 재실행 해보세요!,Ugy52v1E4hF-Z0UIgkd4AaABAg,0,4년 전,2025-11-26 17:44:08,2025-11-26 17:44:08,
yytWGELNeOI,UgzZ_88wzRwc-SrrV254AaABAg.9B2spDbTdko9B3DkdwvuIF,@jocoding,"엇 그거 백슬래시 키랑 똑같은 것이라 백슬래시를 사용하셔도 됩니다! 아래 영상 7분 59초 부근에 그 키가 나옵니다
https://youtu.be/3R6vFdb7YI4?t=479",UgzZ_88wzRwc-SrrV254AaABAg,0,5년 전,2025-11-26 17:44:08,2025-11-26 17:44:08,
yytWGELNeOI,UgxBdW21zyaSm33VzrN4AaABAg.9PmGf6vDWMQ9PmVrHhy059,@jocoding,파이썬만으로는 불가능하고 HTML과 같은 마크업 언어도 필요합니다!,UgxBdW21zyaSm33VzrN4AaABAg,0,4년 전,2025-11-26 17:44:08,2025-11-26 17:44:08,
yytWGELNeOI,UgzSwtT16DWaNu-XmL14AaABAg.9LYRXVM7GH_9LamnTOXHT4,@jocoding,open folder는 폴더만 선택할 수 있어요! 폴더를 선택하고 열어보시면 그 안에 파일을 찾으실 수 있으실겁니다,UgzSwtT16DWaNu-XmL14AaABAg,1,4년 전,2025-11-26 17:44:08,2025-11-26 17:44:08,
yytWGELNeOI,UgzSwtT16DWaNu-XmL14AaABAg.9LYRXVM7GH_9LamxQx0Y9p,@유니유니-w8u, @jocoding  오 감사합니다 내일 해보겠습니다!!,UgzSwtT16DWaNu-XmL14AaABAg,0,4년 전,2025-11-26 17:44:08,2025-11-26 17:44:08,
yytWGELNeOI,UgypX4b7XCTE7Dxee954AaABAg.9MffxX5pVTD9MgH3mIlphA,@jocoding,마크 플러그인은 java로 만드는 것으로 알고있어요!,UgypX4b7XCTE7Dxee954AaABAg,0,4년 전,2025-11-26 17:44:08,2025-11-26 17:44:08,
yytWGELNeOI,UgypX4b7XCTE7Dxee954AaABAg.9MffxX5pVTD9Mgkl3cAhbQ,@민드의포트나이트-i5b, @jocoding  감사합니다,UgypX4b7XCTE7Dxee954AaABAg,0,4년 전,2025-11-26 17:44:08,2025-11-26 17:44:08,
yytWGELNeOI,UgwlcDXH8Yy5Vod_Az14AaABAg.AHzY4Y73zn4AO__niDyW2b,@jx11_n4,print(“hello”) 라고 해야 될거에용,UgwlcDXH8Yy5Vod_Az14AaABAg,0,1개월 전,2025-11-26 17:44:08,2025-11-26 17:44:08,
yytWGELNeOI,UgxBz_6o3hdiAQCzyS94AaABAg.9CKh71eOX4Q9CP_keTWGpc,@jocoding,주피터 노트북으로 똑같이 진행 하셔도 됩니다! 거기서 코드를 실행하는 것이랑 같습니다ㅎㅎ,UgxBz_6o3hdiAQCzyS94AaABAg,1,5년 전,2025-11-26 17:44:08,2025-11-26 17:44:08,
yytWGELNeOI,UgxFPdtDbId8DoDp6a54AaABAg.9EqGbWfChDc9ExUVbPnweJ,@jocoding,책이 있으면 아무래도 좀 더 도움이 되실 수 있을겁니다!,UgxFPdtDbId8DoDp6a54AaABAg,0,5년 전,2025-11-26 17:44:08,2025-11-26 17:44:08,
yytWGELNeOI,Ugw677hMoIY1qL2AfGt4AaABAg.9U-szAWAmbw9U1NDMn-umm,@jocoding,"최근 vscode 업데이트로 powershell이 기본으로 설정되어있는데 아래 블로그를 참고하여 수정해보세요! 
https://jhnyang.tistory.com/456",Ugw677hMoIY1qL2AfGt4AaABAg,0,4년 전,2025-11-26 17:44:08,2025-11-26 17:44:08,
yytWGELNeOI,Ugw677hMoIY1qL2AfGt4AaABAg.9U-szAWAmbw9U1b45aT8bJ,@하윤준-n8k, @jocoding  빠른 답변 감사합니다!,Ugw677hMoIY1qL2AfGt4AaABAg,0,4년 전,2025-11-26 17:44:08,2025-11-26 17:44:08,
yytWGELNeOI,UgxJHbhBzp-ys0oOIyF4AaABAg.9Lc9O-LyfOi9Lcg2lffPDY,@jocoding,네 가능합니다!!,UgxJHbhBzp-ys0oOIyF4AaABAg,0,4년 전,2025-11-26 17:44:08,2025-11-26 17:44:08,
yytWGELNeOI,UgxJHbhBzp-ys0oOIyF4AaABAg.9Lc9O-LyfOi9Lcx4KnD7g_,@닉네임-s3f, @jocoding  헐 감사합니다 ㅎㅎ,UgxJHbhBzp-ys0oOIyF4AaABAg,0,4년 전,2025-11-26 17:44:08,2025-11-26 17:44:08,
yytWGELNeOI,Ugwq5F9Y-c8xO8HI4h14AaABAg.9DHzSX_Eb7N9DJ68p9lIiY,@jocoding,cmd 대신 power shell이 켜져서 그런 것 같습니다! 선택하는 창에서 cmd로 바꿔주시면 정상적으로 동작하실겁니다! :),Ugwq5F9Y-c8xO8HI4h14AaABAg,0,5년 전,2025-11-26 17:44:08,2025-11-26 17:44:08,
yytWGELNeOI,Ugwq5F9Y-c8xO8HI4h14AaABAg.9DHzSX_Eb7N9DL_sz7Mkzw,@유경흔-q3q,조코딩 JoCoding 감사합니다. 해보겠습니다~^^,Ugwq5F9Y-c8xO8HI4h14AaABAg,0,5년 전,2025-11-26 17:44:08,2025-11-26 17:44:08,
yytWGELNeOI,UgwsL7M3s6VwGiEqfJ94AaABAg.9AXcgEpteiQ9Ab2d_9SOl2,@jocoding,"크게 어렵지는 않습니다! 단, 이미지를 저장할 곳을 연결해야하는데 아래와 같은 이미지 호스팅 API 서비스를 이용하시면 쉽게 구현하실 수 있어요!
imgur: https://apidocs.imgur.com/?version=latest",UgwsL7M3s6VwGiEqfJ94AaABAg,0,5년 전,2025-11-26 17:44:08,2025-11-26 17:44:08,
yytWGELNeOI,UgzbvSt8fdpv7wPnUSJ4AaABAg.9Ryb1h7Ad4m9S-Dy_kagKf,@jocoding,추가로 설치 가능합니다!,UgzbvSt8fdpv7wPnUSJ4AaABAg,0,4년 전,2025-11-26 17:44:08,2025-11-26 17:44:08,
yytWGELNeOI,UgysSHbE2oJxWfzcibx4AaABAg.A4TF9dzKMFQA4TJhs-ZNv4,@jocoding,"넵 좋은 방법인 것 같습니다! 아래 재생목록이 2023 최신 버전인데 이걸로 참고하시면 더 도움이 되실 것 같아요!
https://www.youtube.com/playlist?list=PLU9-uwewPMe05-khW3YcDEaHMk_qA-7lI",UgysSHbE2oJxWfzcibx4AaABAg,1,1년 전,2025-11-26 17:44:08,2025-11-26 17:44:08,
yytWGELNeOI,UgysSHbE2oJxWfzcibx4AaABAg.A4TF9dzKMFQA4TX6f3O6AM,@단디-o2u, @jocoding  감사합니다!,UgysSHbE2oJxWfzcibx4AaABAg,0,1년 전,2025-11-26 17:44:08,2025-11-26 17:44:08,
yytWGELNeOI,UgyvupUHAy8sqXfC73F4AaABAg.9Q2rkrzDez89Q3uem-FdKH,@jocoding,"pip install pylint
위 명령어를 cmd에 입력해보세요!",UgyvupUHAy8sqXfC73F4AaABAg,0,4년 전,2025-11-26 17:44:08,2025-11-26 17:44:08,
yytWGELNeOI,Ugzgq78JBEXR6Wh6cTx4AaABAg.9XNifWstkMi9XPLSBQnvYe,@jocoding,"2022년 버전의 강의도 있으니 참고해주세요!
https://youtu.be/KL1MIuBfWe0",Ugzgq78JBEXR6Wh6cTx4AaABAg,0,3년 전,2025-11-26 17:44:08,2025-11-26 17:44:08,
yytWGELNeOI,UgzVlpsZ9XbAAZtjCN94AaABAg.9LtaoCmC7vs9Lvdib1Zq5f,@jocoding,완전 전문적인 개발자가 될 것이 아니라 웹디자이너로써 간단한 코딩을 할줄 아는 정도라면 전혀 늦지 않았고 충분히 가능하다고 생각합니다!,UgzVlpsZ9XbAAZtjCN94AaABAg,1,4년 전,2025-11-26 17:44:08,2025-11-26 17:44:08,
yytWGELNeOI,UgzVlpsZ9XbAAZtjCN94AaABAg.9LtaoCmC7vs9Lw0WxSw8gT,@bboombboomday, @jocoding  조언감사해요. 전문가분의 의견을 들으니 힘이 나네요. ^^ 열심히 공부해서 만능 웹디 되보렵니다. ㅎㅎㅎ,UgzVlpsZ9XbAAZtjCN94AaABAg,0,4년 전,2025-11-26 17:44:08,2025-11-26 17:44:08,
yytWGELNeOI,UgzHP7YJk126i4QgZJp4AaABAg.9K0mPIIhm_R9K3fuLEdaYh,@jocoding,네 편집본만 보셔도 됩니다!!,UgzHP7YJk126i4QgZJp4AaABAg,0,4년 전,2025-11-26 17:44:08,2025-11-26 17:44:08,
yytWGELNeOI,UgxJ80HZTwuAVPvUtMx4AaABAg.9IEtFWa4pXq9IJVRpPir8j,@한건우-x1m,충분히 배우실 수 있습니다!,UgxJ80HZTwuAVPvUtMx4AaABAg,0,4년 전,2025-11-26 17:44:08,2025-11-26 17:44:08,
yytWGELNeOI,UgwPWmQ_jvekpPlu3dN4AaABAg.9GPJoAF7fPA9GPWQlfMQyt,@jocoding,"파이썬에 기본적인 라이브러리 이것 저것이 깔려있는 것이 아나콘다입니다!
Spyder, Jupyter Notebook, IPython 등이 설치되는데 스파이더가 그 중 하나입니다.",UgwPWmQ_jvekpPlu3dN4AaABAg,0,5년 전,2025-11-26 17:44:08,2025-11-26 17:44:08,
yytWGELNeOI,UgxgI7GcrROPcAup-1B4AaABAg.9T9nBMVcI9Y9TVQHhOu-Rd,@startcoding.official,ㅋㅋㅋㅋㅋ 배우다 보면 재미있어 져요,UgxgI7GcrROPcAup-1B4AaABAg,1,4년 전,2025-11-26 17:44:08,2025-11-26 17:44:08,
yytWGELNeOI,UgytI7j1lEi8xfozjPJ4AaABAg.9GBylX7KRQh9GChP6AUpfM,@jocoding,"앱코 기계식 청축 키보드 쓰고 있습니다!
https://coupa.ng/bPV4xo
(위 링크는 쿠팡 파트너스 링크로 파트너스 활동을 통해 일정액의 수수료를 제공받을 수 있음)",UgytI7j1lEi8xfozjPJ4AaABAg,0,5년 전(수정됨),2025-11-26 17:44:08,2025-11-26 17:44:08,
yytWGELNeOI,Ugw3UNvoPK-vvZbv_0Z4AaABAg.9IPqcuI1c6B9IQ6jM1AxWp,@jocoding,오 꿀팁 공유 감사합니다ㅎㅎ,Ugw3UNvoPK-vvZbv_0Z4AaABAg,1,4년 전,2025-11-26 17:44:08,2025-11-26 17:44:08,
yytWGELNeOI,UgwIflWWmjWvZ9JBWKl4AaABAg.9Ic-Nx45fvw9IeTpuKr6cX,@한건우-x1m,"왼쪽 위 file -> open folder -> 원하는 폴더 선택하시면 됩니다~~
그런데 폴더 바꾸기 전에 파일들 저장하셔야해요!",UgwIflWWmjWvZ9JBWKl4AaABAg,0,4년 전,2025-11-26 17:44:08,2025-11-26 17:44:08,
yytWGELNeOI,UgwIflWWmjWvZ9JBWKl4AaABAg.9Ic-Nx45fvw9IeaH8Nn5Eg,@아후기, @한건우-x1m  오 지금해봤는데 되네요 감사합니다^^ 혹시 run에서도 군더더기같은 폴더경로는 어떻게 없애는지 알 수 있을까요ㅠㅠ,UgwIflWWmjWvZ9JBWKl4AaABAg,0,4년 전,2025-11-26 17:44:08,2025-11-26 17:44:08,
yytWGELNeOI,UgwpMxn_YhIgU6wYUah4AaABAg.9K31JR-pEer9K3fQXxiDiX,@jocoding,"https://stackoverflow.com/questions/63202834/visual-studio-vs-code-code-terminal-is-failed-to-launch
위 답변의 스크린샷을 따라해보세요!",UgwpMxn_YhIgU6wYUah4AaABAg,1,4년 전,2025-11-26 17:44:08,2025-11-26 17:44:08,
yytWGELNeOI,UgwpMxn_YhIgU6wYUah4AaABAg.9K31JR-pEer9K4gsOx2KS4,@유덕규-s9w," @jocoding  오~해결됐습니다^^
감사합니다.",UgwpMxn_YhIgU6wYUah4AaABAg,0,4년 전,2025-11-26 17:44:08,2025-11-26 17:44:08,
yytWGELNeOI,UgxZE8nWltmDxcA0F-N4AaABAg.9SD-ireT3Vb9SEuPQZMHd_,@jocoding,네 가능합니다! 그런데 화면 모양을 인지하기보다는 그냥 데이터 자체를 받아서 하는 것이 더 좋을 수 있을 것 같아요!,UgxZE8nWltmDxcA0F-N4AaABAg,0,4년 전,2025-11-26 17:44:08,2025-11-26 17:44:08,
yytWGELNeOI,UgxZE8nWltmDxcA0F-N4AaABAg.9SD-ireT3Vb9SFTwcZ0f8i,@풀스윙-l5o, @jocoding  소중한 답글 감사합니다,UgxZE8nWltmDxcA0F-N4AaABAg,0,4년 전,2025-11-26 17:44:08,2025-11-26 17:44:08,
yytWGELNeOI,UgwixQUMQkoKUNq7PgF4AaABAg.9CzbUUf37ZQ9D0PTiJN0IA,@jocoding,"네 가능합니다! 아래 자료들을 참고해주세요 :)

제작: https://bob3rdnewbie.tistory.com/161
분석: http://www.yes24.com/Product/Goods/20471927",UgwixQUMQkoKUNq7PgF4AaABAg,1,5년 전,2025-11-26 17:44:08,2025-11-26 17:44:08,
yytWGELNeOI,UgzzDlYjQJnxxH2MhxZ4AaABAg.9FMmdYul4_-9FOmhVq9lKg,@jocoding,오 도움이 되셨으면 좋겠네요! 감사합니다ㅎㅎ,UgzzDlYjQJnxxH2MhxZ4AaABAg,0,5년 전,2025-11-26 17:44:08,2025-11-26 17:44:08,
yytWGELNeOI,UgyuwRh5m8CyLH-6PiR4AaABAg.9P7cxWnlUND9P7xxRZojPW,@jocoding,"https://youtu.be/Teju_e9TI3s?t=861
여기서 14분 20초 부분을 참고해주세요!",UgyuwRh5m8CyLH-6PiR4AaABAg,0,4년 전,2025-11-26 17:44:08,2025-11-26 17:44:08,
yytWGELNeOI,Ugw6EEZCncanBfSa_LR4AaABAg.9KzgzlBLIK79L-2MymqK1L,@jocoding,성능면에서는 64bit가 나을 수 있는데 종종 32bit에만 호완되는 것들이 있어서 성능과 범용성 중 선택인 것 같아요!,Ugw6EEZCncanBfSa_LR4AaABAg,0,4년 전(수정됨),2025-11-26 17:44:08,2025-11-26 17:44:08,
yytWGELNeOI,UgxGxLO8YJHbBbaD5IV4AaABAg.9PHgHALruK_9TVQxEVz8oO,@startcoding.official,넵!! 유튜브로 먼저 재미있게 공부해보시면 됩니다!,UgxGxLO8YJHbBbaD5IV4AaABAg,0,4년 전,2025-11-26 17:44:08,2025-11-26 17:44:08,
yytWGELNeOI,Ugw-mlzA5_8Wx2iRIK94AaABAg.9AaKH5xrH8j9Ab3s-gAXu4,@jocoding,엇 보셨군요ㅋㅋ 광고도 하고 있습니다,Ugw-mlzA5_8Wx2iRIK94AaABAg,1,5년 전,2025-11-26 17:44:08,2025-11-26 17:44:08,
yytWGELNeOI,UgwBakd1dOWRR3qZMfB4AaABAg.9FCcUHVM1go9FE6-fK0PXL,@jocoding,감사합니다!ㅎㅎ,UgwBakd1dOWRR3qZMfB4AaABAg,0,5년 전,2025-11-26 17:44:08,2025-11-26 17:44:08,
yytWGELNeOI,Ugy-6F4Dpn11ajd-gid4AaABAg.9FqJMa-vU9y9FsncgNwEYB,@jocoding,오 꿀팁 공유 감사합니다ㅎㅎ,Ugy-6F4Dpn11ajd-gid4AaABAg,0,5년 전,2025-11-26 17:44:08,2025-11-26 17:44:08,
yytWGELNeOI,UgzMw51DCpnMwGC7-sZ4AaABAg.9Bxy6DtWudW9ByR0BeSivI,@jocoding,오ㅋㅋ 강의를 열심히 보셨군요ㅋㅋㅋ,UgzMw51DCpnMwGC7-sZ4AaABAg,0,5년 전,2025-11-26 17:44:08,2025-11-26 17:44:08,
yytWGELNeOI,Ugy2zkI2JVjvztG1WtN4AaABAg.9TtFcOrflNX9TtIeGPqRqt,@jocoding,"개발자 취업을 하시려면 유튜브 영상만으로는 부족하고 추가로 학습을 하셔야합니다!
본 강의는 점프 투 파이썬 교재 기반으로 진행되어 구입하셔도 좋고 위키독스를 이용하셔도 좋습니다!
https://wikidocs.net/book/1",Ugy2zkI2JVjvztG1WtN4AaABAg,1,4년 전,2025-11-26 17:44:08,2025-11-26 17:44:08,
yytWGELNeOI,UgwCsPaoEO0VZ_Fpnax4AaABAg.9UenHRaKaA79UfF8YZPU1U,@jocoding,다른 언어 경험 있으신 전공자시면 일주일이면 충분할 것 같습니다! 좋게 봐주셔서 감사합니다ㅎㅎ,UgwCsPaoEO0VZ_Fpnax4AaABAg,0,4년 전(수정됨),2025-11-26 17:44:08,2025-11-26 17:44:08,
yytWGELNeOI,UgwZztQyQ4k6xr8zXiN4AaABAg.9SZLaZqly3b9SaWQeyMMww,@실엿,파이썬이 제일 쉬운거라 보시면 되요..ㅋㅋㅋㅋㅋ,UgwZztQyQ4k6xr8zXiN4AaABAg,1,4년 전,2025-11-26 17:44:08,2025-11-26 17:44:08,
yytWGELNeOI,UgwZztQyQ4k6xr8zXiN4AaABAg.9SZLaZqly3b9Sep_nfthWh,@jocoding,쉬운 것 부터 시작하시려면 파이썬 추천드립니다!,UgwZztQyQ4k6xr8zXiN4AaABAg,0,4년 전,2025-11-26 17:44:08,2025-11-26 17:44:08,
yytWGELNeOI,UgyUz-9ZZDB4c96zDIB4AaABAg.9DwFfmxNkrb9DxUQ-RyNuc,@jocoding,오오 학교에서도 틀어주시는군요! 감사합니다 :),UgyUz-9ZZDB4c96zDIB4AaABAg,0,5년 전,2025-11-26 17:44:08,2025-11-26 17:44:08,
yytWGELNeOI,UgzObDtRyHbhS-KeXRp4AaABAg.9H9SquEYsQ29HAOHcutCfH,@jocoding,"https://youtu.be/4DzGOpsT3bw?t=413
여기 6분 53초쯤을 보시면 cmd로 변경하실 수 있는 방법이 나오는데 참고하시면 도움이 되실 것 같습니다!",UgzObDtRyHbhS-KeXRp4AaABAg,0,4년 전,2025-11-26 17:44:08,2025-11-26 17:44:08,
yytWGELNeOI,UgycbStqW8v-ytpgHNV4AaABAg.9bSCCehdYXw9bTERIGVDMO,@jocoding,파이썬으로 하기 아주 좋은 예제인 것 같아요!,UgycbStqW8v-ytpgHNV4AaABAg,0,3년 전,2025-11-26 17:44:08,2025-11-26 17:44:08,
yytWGELNeOI,Ugwr7xuLOm572rrPLgF4AaABAg.9TxgNU_-MnY9U-3weaeGyG,@jocoding,"영상 좋게 봐주셔서 감사합니다!
SyntaxError: invalid syntax. Perhaps you forgot a comma?
위 메세지는 보통 python REPEL을 실행한 상태에서 명령어를 입력했을때 뜨는데 exit() 명령어로 빠져나오셔서 cmd 화면에서 실행하시면 되실 것 같습니다.
혹은 python extension을 정상적으로 설치하셨으면 오른쪽 위에 재생 버튼이 생기는데 그 재생 버튼을 눌러서 실행하시면 됩니다!",Ugwr7xuLOm572rrPLgF4AaABAg,0,4년 전,2025-11-26 17:44:08,2025-11-26 17:44:08,
yytWGELNeOI,Ugx05s2IJoYMMvdt8ER4AaABAg.9WyZk-ii44R9X-wr0rHFSQ,@jocoding,"터미널에 pip install pylint를 입력하시면 설치가 됩니다!
아래 재생목록으로 파이썬 응용하기를 만들어두었는데 파이썬을 응용하여 크롤링, 업무 자동화, 주식 투자 자동화 등을 배우시면 자동화 관련 외주를 진행하실 수 있을 것 같네요!
https://youtube.com/playlist?list=PLU9-uwewPMe0ImjRBu-TLecU-LBhZvX2b",Ugx05s2IJoYMMvdt8ER4AaABAg,0,3년 전,2025-11-26 17:44:08,2025-11-26 17:44:08,
yytWGELNeOI,Ugw5xKDFaghr_OiUE2d4AaABAg.9JhM4Mc1nIO9JhjD5PWS1g,@jocoding,감사합니다ㅎㅎ,Ugw5xKDFaghr_OiUE2d4AaABAg,0,4년 전,2025-11-26 17:44:08,2025-11-26 17:44:08,
yytWGELNeOI,UgwHnCH91lodYTpLNoV4AaABAg.9AYVii7218e9Ab2vOMyg5m,@jocoding,감사합니다!ㅎㅎ,UgwHnCH91lodYTpLNoV4AaABAg,0,5년 전,2025-11-26 17:44:08,2025-11-26 17:44:08,
yytWGELNeOI,UgyofeyYOpR3UqjnExd4AaABAg.9Aji0AiR11I9AkLD1xCnER,@jocoding,감사합니다ㅎㅎ,UgyofeyYOpR3UqjnExd4AaABAg,0,5년 전,2025-11-26 17:44:08,2025-11-26 17:44:08,
yytWGELNeOI,Ugy2E1AzoIdhPTYkZSx4AaABAg.9MIdrOrwF7y9MMaSbddNoF,@jocoding,ppt는 출판사와도 엮여있는게 있어서 공유는 어렵습니다ㅠ,Ugy2E1AzoIdhPTYkZSx4AaABAg,1,4년 전,2025-11-26 17:44:08,2025-11-26 17:44:08,
yytWGELNeOI,Ugy2E1AzoIdhPTYkZSx4AaABAg.9MIdrOrwF7y9MNITgXtM4J,@kiburmsong2596, @jocoding  네 알겠습니다. 확인 감사합니다 :),Ugy2E1AzoIdhPTYkZSx4AaABAg,0,4년 전,2025-11-26 17:44:08,2025-11-26 17:44:08,
yytWGELNeOI,UgwT9MyMIlYsxlDuoEN4AaABAg.9DCdyIQL6mn9Ha1q7UTR97,@김혁동-f8w,그래도 교수님이힘들게 계획한 강의인데 걸레라고하는것은..,UgwT9MyMIlYsxlDuoEN4AaABAg,27,4년 전,2025-11-26 17:44:08,2025-11-26 17:44:08,
yytWGELNeOI,UgwT9MyMIlYsxlDuoEN4AaABAg.9DCdyIQL6mn9I_IJgp11_j,@진영-l4z, @김혁동-f8w  미경험자다...!,UgwT9MyMIlYsxlDuoEN4AaABAg,22,4년 전,2025-11-26 17:44:08,2025-11-26 17:44:08,
yytWGELNeOI,UgwT9MyMIlYsxlDuoEN4AaABAg.9DCdyIQL6mn9I_IiZBFxzu,@김혁동-f8w, @진영-l4z  그래도 PPT작업하는것만도 힘드잖아요 솔직히..,UgwT9MyMIlYsxlDuoEN4AaABAg,2,4년 전,2025-11-26 17:44:08,2025-11-26 17:44:08,
yytWGELNeOI,UgwT9MyMIlYsxlDuoEN4AaABAg.9DCdyIQL6mn9MspgTKED_z,@skk7100, @김혁동-f8w  걸레는 심하지만 걸레수준은 많죠. 답변못해서 학생 질문 못받는 교수도 있습니다. 젊거나 강사의 경우 제외,UgwT9MyMIlYsxlDuoEN4AaABAg,3,4년 전,2025-11-26 17:44:08,2025-11-26 17:44:08,
yytWGELNeOI,UgwT9MyMIlYsxlDuoEN4AaABAg.9DCdyIQL6mnAL1tVQWIVgB,@hyeonnam7,프로그래밍과 별도지만 저건 욱일기 아닌지...,UgwT9MyMIlYsxlDuoEN4AaABAg,11,3개월 전,2025-11-26 17:44:08,2025-11-26 17:44:08,
yytWGELNeOI,UgwT9MyMIlYsxlDuoEN4AaABAg.9DCdyIQL6mnALj0b6-PjVM,@khh4781,ㅋㅋㅋㅋㅋㅋㅋㅋㅋㅋㅋㅋ,UgwT9MyMIlYsxlDuoEN4AaABAg,0,3개월 전,2025-11-26 17:44:08,2025-11-26 17:44:08,
yytWGELNeOI,UgwFr-yxfvpl--CBVvt4AaABAg.9ZF9snb48bX9ZJaqfTSpNw,@jocoding,시청해 주셔서 감사드립니다!,UgwFr-yxfvpl--CBVvt4AaABAg,0,3년 전,2025-11-26 17:44:08,2025-11-26 17:44:08,
yytWGELNeOI,UgzMFO3qVASZhmFDyLt4AaABAg.9WPK3EChlEq9WRaUwWE-RP,@jocoding,클래스101에서 진행 계획은 없습니다!,UgzMFO3qVASZhmFDyLt4AaABAg,0,3년 전,2025-11-26 17:44:08,2025-11-26 17:44:08,
yytWGELNeOI,Ugw044vfMOGM3tx4jnV4AaABAg.9AalGJAUSOQ9Ab3vtRTa8r,@jocoding,오 봐주셔서 감사드립니다ㅎㅎ 박정우님 최고!,Ugw044vfMOGM3tx4jnV4AaABAg,0,5년 전,2025-11-26 17:44:08,2025-11-26 17:44:08,
yytWGELNeOI,Ugy6hdRfAxMirkbzlyx4AaABAg.9JdfJQDXJWo9Je9d36MaVQ,@jocoding,감사합니다ㅎㅎ,Ugy6hdRfAxMirkbzlyx4AaABAg,0,4년 전,2025-11-26 17:44:08,2025-11-26 17:44:08,
yytWGELNeOI,Ugz5IYdi7YUhjRpEOmR4AaABAg.9LshkI3b9i99SzBH_RTNIe,@startcoding.official,헐.. 마케팅 직무에서도 파이썬을 찾나 보군요. 안 그래도 파이썬을 이용해서 크롤링 데이터분석 자동화등을 할 수 있으니 마케팅에서 많이 필요 할 것 같습니다!!,Ugz5IYdi7YUhjRpEOmR4AaABAg,0,4년 전,2025-11-26 17:44:08,2025-11-26 17:44:08,
yytWGELNeOI,Ugxfh92iW7x5C_lMZWF4AaABAg.9Ga-tAYs88b9Gdpe6TmgQe,@jocoding,와 다행이네요!ㅎㅎ 앞으로도 자막 열심히 달아야겠군요! 좋은 소식 공유해주셔서 감사합니다 :),Ugxfh92iW7x5C_lMZWF4AaABAg,0,4년 전,2025-11-26 17:44:08,2025-11-26 17:44:08,
yytWGELNeOI,UgzjKW_qnWtcj3_vsrZ4AaABAg.9W0ftRx5r5Y9WKSWsZ6ey7,@jocoding,저도 좋은 댓글 감사합니다!ㅎㅎ,UgzjKW_qnWtcj3_vsrZ4AaABAg,1,3년 전,2025-11-26 17:44:08,2025-11-26 17:44:08,
yytWGELNeOI,UgyQq6vZEocy5FIAgdR4AaABAg.9E8ch8mWmYi9E9JIYahDyj,@jocoding,저도 댓글 남겨주셔서 감사합니다!ㅎㅎ,UgyQq6vZEocy5FIAgdR4AaABAg,1,5년 전,2025-11-26 17:44:08,2025-11-26 17:44:08,
yytWGELNeOI,UgzT20YDi8r4lEPHJC54AaABAg.9Hqvp_gSgw-9I38hVUoYd2,@jocoding,감사합니다ㅎㅎ,UgzT20YDi8r4lEPHJC54AaABAg,0,4년 전,2025-11-26 17:44:08,2025-11-26 17:44:08,
yytWGELNeOI,Ugz8Y6ZE16PiJ9ZtOFZ4AaABAg.9AdrUrxnaEn9Ag0ITjxzdD,@jocoding,사람마다 다르겠지만 6개월 ~ 1년 정도면 취직해서 일할정도로 배우실 수 있습니다!,Ugz8Y6ZE16PiJ9ZtOFZ4AaABAg,2,5년 전,2025-11-26 17:44:08,2025-11-26 17:44:08,
yytWGELNeOI,UgzCH9frUGMjCgzf7Xp4AaABAg.9UVvfNVGjsF9UWmVUKv3Ft,@jocoding,좋게 봐주셔서 감사합니다ㅎㅎ 주변에 설명하는 것 정도는 괜찮으나 출판사에서 제공한 PPT 내용도 있어서 상업적 용도로 활용은 제한될 수 있습니다!,UgzCH9frUGMjCgzf7Xp4AaABAg,1,4년 전,2025-11-26 17:44:08,2025-11-26 17:44:08,
yytWGELNeOI,UgzCH9frUGMjCgzf7Xp4AaABAg.9UVvfNVGjsF9UWqeFgzIub,@dhj5210, @jocoding  네!! 감사합니다,UgzCH9frUGMjCgzf7Xp4AaABAg,1,4년 전,2025-11-26 17:44:08,2025-11-26 17:44:08,
yytWGELNeOI,UgxxZMcLeT_wKpUjbR14AaABAg.9AZBuVQ9xyz9Ab36Dt6HvA,@jocoding,요즘 기술이 많이 좋아져서 금방 배우고 금방 결과물까지 만들 수 있는 것 같아요! 지금 배우셔도 좋을 것 같습니다ㅎㅎ,UgxxZMcLeT_wKpUjbR14AaABAg,1,5년 전(수정됨),2025-11-26 17:44:08,2025-11-26 17:44:08,
yytWGELNeOI,UgxxZMcLeT_wKpUjbR14AaABAg.9AZBuVQ9xyz9AbJK2FtxfE,@Hyunilkim7," @jocoding  아직 침대에서 벗어나 있기가 불편하니 털고 일어나면 새롭게 시작해야겠습니다. 감사합니다.
영상 부탁드릴께요 ㅎㅎ",UgxxZMcLeT_wKpUjbR14AaABAg,1,5년 전,2025-11-26 17:44:08,2025-11-26 17:44:08,
yytWGELNeOI,UgxIdvtrHlOXV2EMnbN4AaABAg.9Agyh12A3xI9AjZe3Bhvr_,@jocoding,"저는 역으로 결과물을 만들면서 공부한게 도움이 많이 된 것 같습니다. 사실 맨처음 코딩을 접한건 C언어였는데 너무 어려워서 코딩은 할게 아니다 싶어서 그만두었습니다. 그러다가 멋쟁이사자처럼이라는 동아리에서 HTML, CSS로 웹 만들기를 배우면서 엄청 새롭게 느꼈습니다.  어려운 코딩은 잘 몰라도 바로 사람들이 쓸 수 있는 결과물을 찍어낼 수 있으니 오히려 서비스에 집중해서 사람들이 쓸만한 서비스를 만드느라 고민을 많이하였습니다. 실제로 소셜데이팅 서비스를 기획하고 이걸 웹과 앱 서비스로 만들면서 공부를 하다보니 코딩 용어는 잘 몰라도 일단 복사 붙여넣기로 다 구현하면서 서비스를 완성하고 출시할 수 있었습니다. 마치 말씀하신 것중 영어 공부로치면 단어는 하나도 몰라도 일단 외국인과 이야기하면서 시작한 것이죠. 코딩도 영어와 유사하게 문법은 아무리 배워봤자 그냥 이론으로 아는 것이고 실제로 제품을 만드는 것과는 큰 차이가 있는 것 같습니다. 따라서 이론을 잘 모르더라도 일단 만들고 싶은 서비스를 만드는 것을 목표로 그걸 구현하면서 공부하면 크게 실력도 성장하고 응용력도 좋아지는 것 같습니다!",UgxIdvtrHlOXV2EMnbN4AaABAg,0,5년 전,2025-11-26 17:44:08,2025-11-26 17:44:08,
yytWGELNeOI,UgxqvqQkb1IDfO3DlNx4AaABAg.9Hz-Rjcn-ah9I2r9WN0OlH,@jocoding,오 응원합니다!ㅎㅎ 저도 잘부탁드립니다 :),UgxqvqQkb1IDfO3DlNx4AaABAg,0,4년 전,2025-11-26 17:44:08,2025-11-26 17:44:08,
yytWGELNeOI,UgwFAVaXcbz7QClFtaR4AaABAg.9DZiDeZytvR9D_mI6zUd5c,@jocoding,좋게 봐주셔서 감사합니다!ㅎㅎ 편집점 기획은 제가 하고 나머지는 외주로 맡겼습니다!,UgwFAVaXcbz7QClFtaR4AaABAg,0,5년 전,2025-11-26 17:44:08,2025-11-26 17:44:08,
yytWGELNeOI,UgxChAwpZj8kGTdROgl4AaABAg.9AcuLRY4v9G9Ag-lAoP1k_,@jocoding,"https://www.youtube.com/playlist?list=PLU9-uwewPMe2L7dC2us_C3LLwDL9vHQIx
풀 영상도 재생목록으로 공개되어있습니다!ㅎㅎ",UgxChAwpZj8kGTdROgl4AaABAg,0,5년 전,2025-11-26 17:44:08,2025-11-26 17:44:08,
yytWGELNeOI,UgxHMt5fvpOgCYdEhp54AaABAg.9TcOK_MRnNg9Tdg-OB64oY,@jocoding,응원하겠습니다!,UgxHMt5fvpOgCYdEhp54AaABAg,0,4년 전,2025-11-26 17:44:08,2025-11-26 17:44:08,
yytWGELNeOI,UgycYEXDqT7p-sdXFLx4AaABAg.9MZ1Uw2zI1F9MZ1XV-Cop5,@sookie0220,아마 지웠다 깔아야할듯요 ㅋ,UgycYEXDqT7p-sdXFLx4AaABAg,1,4년 전,2025-11-26 17:44:08,2025-11-26 17:44:08,
yytWGELNeOI,UgynKyTC1ls_bV5udSJ4AaABAg.9AjP4434QLg9Ajbp4mWVP5,@jocoding,오 화이팅입니다 파랑구름님!ㅎㅎ,UgynKyTC1ls_bV5udSJ4AaABAg,0,5년 전,2025-11-26 17:44:08,2025-11-26 17:44:08,
yytWGELNeOI,UgwDzTm1AMlvcUliLDN4AaABAg.9VJrD2gklsy9VMOEVyIhHn,@jocoding,화이팅입니다!,UgwDzTm1AMlvcUliLDN4AaABAg,0,3년 전,2025-11-26 17:44:08,2025-11-26 17:44:08,
yytWGELNeOI,UgyIKBDSrC_NBqGt-w54AaABAg.9Usqd5EDYmn9Uufe0mnYdb,@jocoding,오 응원합니다 Half _sr님!!,UgyIKBDSrC_NBqGt-w54AaABAg,0,4년 전,2025-11-26 17:44:08,2025-11-26 17:44:08,
yytWGELNeOI,Ugyb-i33oXj4dcbag5t4AaABAg.9B5HEwrn3yA9B5cop_F-OF,@jocoding,오 대회 화이팅입니다! 좋은 결과 있으시길 바래요 :),Ugyb-i33oXj4dcbag5t4AaABAg,0,5년 전,2025-11-26 17:44:08,2025-11-26 17:44:08,
yytWGELNeOI,UgzTGbmMClwaJceIOmx4AaABAg.9MEVR41MN3L9MMTLsiNAW1,@jocoding,재미있게 봐주셔서 감사합니다!ㅎㅎ 코딩 공부 응원합니다!,UgzTGbmMClwaJceIOmx4AaABAg,0,4년 전,2025-11-26 17:44:08,2025-11-26 17:44:08,
yytWGELNeOI,UgxZxjL1LYYrMAVcNyV4AaABAg.9JPsNnLEo_39JRvcT3qgUk,@jocoding,좋게 봐주셔서 감사합니다!ㅎㅎ 코딩 공부 응원합니다!,UgxZxjL1LYYrMAVcNyV4AaABAg,0,4년 전(수정됨),2025-11-26 17:44:08,2025-11-26 17:44:08,
yytWGELNeOI,UgwYe9-PwwvxDK5-uyd4AaABAg.9NxWZGxpGQ49NydLX-0u-4,@jocoding,"https://wikidocs.net/book/1
유튜브에서 강의하는 교재인 점프 투 파이썬 추천드려요!",UgwYe9-PwwvxDK5-uyd4AaABAg,0,4년 전,2025-11-26 17:44:08,2025-11-26 17:44:08,
yytWGELNeOI,UgyqPtREN88ouaGv9TF4AaABAg.9Dn15MJ2I9H9DpU9qjlXBR,@jocoding,댓글 남겨주셔서 감사합니다!ㅎㅎ,UgyqPtREN88ouaGv9TF4AaABAg,0,5년 전,2025-11-26 17:44:08,2025-11-26 17:44:08,
yytWGELNeOI,Ugxw8B87v26jRsLwTr94AaABAg.9M2FQZtwmNK9PMOC6CYSeO,@shinbg2717,"감사합니다
Modify
Repair 가 나오는데 어쩌죠 ?",Ugxw8B87v26jRsLwTr94AaABAg,0,4년 전,2025-11-26 17:44:08,2025-11-26 17:44:08,
yytWGELNeOI,Ugzs2lNsUSTlHWq1NXx4AaABAg.9FP8EC3KJ759FVhTQB2IOv,@jocoding,화이팅입니다!!!,Ugzs2lNsUSTlHWq1NXx4AaABAg,0,5년 전,2025-11-26 17:44:08,2025-11-26 17:44:08,
yytWGELNeOI,UgxJkKW_KNT_fGTrgY14AaABAg.9AbYJSUkB0W9Ag5li5Do--,@jocoding,ㅋㅋㅋ 귀도 입니다..,UgxJkKW_KNT_fGTrgY14AaABAg,1,5년 전,2025-11-26 17:44:08,2025-11-26 17:44:08,
yytWGELNeOI,UgxJkKW_KNT_fGTrgY14AaABAg.9AbYJSUkB0W9N24BQ9TieX,@8시생생정보통,귀두 싴ㅋㅋㅋㅋㅋㅋㅋㅋㅋㅋㅋ발ㅋㅋㅋㅋㅋㅋㅋㅋㅋㅋ존나 댓글읽다가 무슨 언어인줄ㅋㅋㅋㅋㅋㅋㅋ,UgxJkKW_KNT_fGTrgY14AaABAg,0,4년 전,2025-11-26 17:44:08,2025-11-26 17:44:08,
yytWGELNeOI,Ugzk6R1GqRUKRQlvW6l4AaABAg.9Gr4yqPTVaT9GsPzT-o29u,@jocoding,재미있게 봐주셔서 감사합니다ㅎㅎ,Ugzk6R1GqRUKRQlvW6l4AaABAg,0,4년 전,2025-11-26 17:44:08,2025-11-26 17:44:08,
yytWGELNeOI,UgzKZu6480iywDq4hQ14AaABAg.9U-aeSkzMax9U1NRBEaRpJ,@jocoding,봐주셔서 감사합니다!,UgzKZu6480iywDq4hQ14AaABAg,0,4년 전,2025-11-26 17:44:08,2025-11-26 17:44:08,
yytWGELNeOI,UgxC2AAws-8oge7dZ_J4AaABAg.9JzkZTjbFIb9K-wcARX84T,@jocoding,오 감사합니다ㅎㅎ,UgxC2AAws-8oge7dZ_J4AaABAg,0,4년 전,2025-11-26 17:44:08,2025-11-26 17:44:08,
yytWGELNeOI,UgwtusdyO-HK86EcNgx4AaABAg.9Ag_aqxRbPt9AjOvL0u1Mg,@jocoding,파이썬 요즘 대세라 배워두시면 유용하게 쓸 수 있습니다!ㅎㅎ,UgwtusdyO-HK86EcNgx4AaABAg,0,5년 전,2025-11-26 17:44:08,2025-11-26 17:44:08,
yytWGELNeOI,Ugz4ldLWnp-XGtMXXYd4AaABAg.9We0SAf-Amw9WiL4JoPCo1,@jocoding,사칙연산 정도만 하실 줄 알면 충분히 기초는 가능합니다! 화이팅입니다 :),Ugz4ldLWnp-XGtMXXYd4AaABAg,1,3년 전,2025-11-26 17:44:08,2025-11-26 17:44:08,
yytWGELNeOI,Ugz4ldLWnp-XGtMXXYd4AaABAg.9We0SAf-Amw9WitD9s0W8X,@dragonfakerr, @jocoding  피드백까지!! 감사해여! 조코딩님이 채널을 아끼는게 느껴져요  선생님으로서 자질도 훌륭하신듯. 열심히 배우겠습니다!,Ugz4ldLWnp-XGtMXXYd4AaABAg,1,3년 전,2025-11-26 17:44:08,2025-11-26 17:44:08,
yytWGELNeOI,UgwYBjz3613zJf9Z-aB4AaABAg.9WWwezzy4RA9WX9xEH5qDk,@jocoding,좋은 댓글 감사합니다!,UgwYBjz3613zJf9Z-aB4AaABAg,0,3년 전,2025-11-26 17:44:08,2025-11-26 17:44:08,
yytWGELNeOI,UgyDztvz-5aKOJvjd9F4AaABAg.9GgMUPga2Up9GgVHpDLMZH,@jocoding,감사합니다ㅎㅎ 파이썬 공부 화이팅입니다!,UgyDztvz-5aKOJvjd9F4AaABAg,0,4년 전,2025-11-26 17:44:08,2025-11-26 17:44:08,
yytWGELNeOI,UgzdRMf9H__OqhIM9794AaABAg.9DrpBTxRjyl9DrpKBkH49B,@jocoding,오 도움을 드렸다니 다행이네요! :) 댓글 감사합니다!,UgzdRMf9H__OqhIM9794AaABAg,1,5년 전,2025-11-26 17:44:08,2025-11-26 17:44:08,
yytWGELNeOI,UgwKm0EXlHr0VMzraOR4AaABAg.9DO8Ivqapii9DOEVkO8asj,@jocoding,좋게 봐주셔서 감사합니다!,UgwKm0EXlHr0VMzraOR4AaABAg,0,5년 전,2025-11-26 17:44:08,2025-11-26 17:44:08,
yytWGELNeOI,UgyQVfI6nhLLFtjdiRF4AaABAg.9D1-SqqJ66g9D3HQ77yXeo,@jocoding,좋게 봐주셔서 감사합니다ㅎㅎ,UgyQVfI6nhLLFtjdiRF4AaABAg,1,5년 전,2025-11-26 17:44:08,2025-11-26 17:44:08,
yytWGELNeOI,UgxVkUAbJjHJrjMbS8h4AaABAg.9CgeKrrFbsY9CjNiMYASye,@jocoding,좋게 봐주셔서 감사합니다!ㅎㅎ,UgxVkUAbJjHJrjMbS8h4AaABAg,0,5년 전,2025-11-26 17:44:08,2025-11-26 17:44:08,
yytWGELNeOI,UgwyQTaStCdqe4Va6Vh4AaABAg.9EAxBzJkd4H9EBnVps78Iq,@jocoding,감사합니다!ㅎㅎ,UgwyQTaStCdqe4Va6Vh4AaABAg,0,5년 전,2025-11-26 17:44:08,2025-11-26 17:44:08,
yytWGELNeOI,Ugz4w9ag0oaAfQoDhiF4AaABAg.9AZ0ZAbn1YW9Ab33LBiWP5,@jocoding,감사합니다ㅎㅎ 가볍게 배우실 수 있도록 열심히 해볼게요 :),Ugz4w9ag0oaAfQoDhiF4AaABAg,1,5년 전,2025-11-26 17:44:08,2025-11-26 17:44:08,
yytWGELNeOI,UgwlLLV5Yxhlzra5eYh4AaABAg.9GR0DzunOy59GS5Dd16VrD,@jocoding,좋게 봐주셔서 감사합니다!ㅎㅎ,UgwlLLV5Yxhlzra5eYh4AaABAg,0,5년 전,2025-11-26 17:44:08,2025-11-26 17:44:08,
yytWGELNeOI,Ugw916UV1Dewmb_bjmN4AaABAg.9BDGjY0RNol9BEt0h_9MEv,@jocoding,좋게 봐주셔서 감사합니다!ㅎㅎ,Ugw916UV1Dewmb_bjmN4AaABAg,1,5년 전,2025-11-26 17:44:08,2025-11-26 17:44:08,
yytWGELNeOI,UgwLEhjabQ_evz9F1bB4AaABAg.9HgZxaAZtnb9Hgs1G-pMEX,@jocoding,감사합니다!ㅎㅎ,UgwLEhjabQ_evz9F1bB4AaABAg,0,4년 전,2025-11-26 17:44:08,2025-11-26 17:44:08,
yytWGELNeOI,UgwKH5hsjE8hjG2OYRJ4AaABAg.9AXLZzpu2ra9AXMI8xZX3_,@jocoding,감사합니다!ㅎㅎ,UgwKH5hsjE8hjG2OYRJ4AaABAg,0,5년 전,2025-11-26 17:44:08,2025-11-26 17:44:08,
yytWGELNeOI,UgzCI6X419gD8qzs_M94AaABAg.9Ch2JppOB-V9CjO5YgylQc,@jocoding,오 코딩 입문 화이팅입니다!!,UgzCI6X419gD8qzs_M94AaABAg,0,5년 전,2025-11-26 17:44:08,2025-11-26 17:44:08,
yytWGELNeOI,UgwqDOjs2mteLxDp7vB4AaABAg.9HAA-LLN90Z9HAN72gh3h7,@jocoding,좋게 봐주셔서 정말 감사합니다ㅎㅎ,UgwqDOjs2mteLxDp7vB4AaABAg,0,4년 전,2025-11-26 17:44:08,2025-11-26 17:44:08,
yytWGELNeOI,UgyJyV9UEABk8yufWzB4AaABAg.9DKDss_WcXp9DKQbvudMqO,@jocoding,좋게 봐주셔서 감사합니다!ㅎㅎ,UgyJyV9UEABk8yufWzB4AaABAg,0,5년 전,2025-11-26 17:44:08,2025-11-26 17:44:08,
yytWGELNeOI,UgwG6Tcjl2BNHEkoRlt4AaABAg.9BwhidkiZzi9ByP9ytAJMd,@jocoding,좋게 봐주셔서 감사합니다ㅎㅎ,UgwG6Tcjl2BNHEkoRlt4AaABAg,0,5년 전,2025-11-26 17:44:08,2025-11-26 17:44:08,
yytWGELNeOI,Ugzq0MbQkILgMvWjInl4AaABAg.9B7u8cOpBB09B81S-ZchIB,@jocoding,구독해주셔서 감사합니다!ㅎㅎ,Ugzq0MbQkILgMvWjInl4AaABAg,0,5년 전,2025-11-26 17:44:08,2025-11-26 17:44:08,
yytWGELNeOI,UgyEGUkbgo74dCArRuN4AaABAg.9D2XXDIyhnQ9D3Hv7Cab_i,@jocoding,도움이 되셨다니 다행이군요ㅎㅎ 감사합니다!,UgyEGUkbgo74dCArRuN4AaABAg,0,5년 전,2025-11-26 17:44:08,2025-11-26 17:44:08,
yytWGELNeOI,UgzRjGVfUoztja9tEfJ4AaABAg.9F1G7wRRZ2-9F1p69l4my6,@jocoding,감사합니다!ㅎㅎ 코딩 공부 화이팅입니다 :),UgzRjGVfUoztja9tEfJ4AaABAg,2,5년 전,2025-11-26 17:44:08,2025-11-26 17:44:08,
yytWGELNeOI,UgyRb4p4cmXKbIQVJKN4AaABAg.9DwgZPynKSE9DxV2Ea7rN-,@jocoding,저도 댓글 남겨주셔서 감사합니다!ㅎㅎ,UgyRb4p4cmXKbIQVJKN4AaABAg,0,5년 전,2025-11-26 17:44:08,2025-11-26 17:44:08,
yytWGELNeOI,UgxfaFTlcV2hNnUNj8l4AaABAg.9AXLnHe8OvU9AXMH4dkQWB,@jocoding,저도 댓글 감사합니다 재윤님!,UgxfaFTlcV2hNnUNj8l4AaABAg,0,5년 전,2025-11-26 17:44:08,2025-11-26 17:44:08,
yytWGELNeOI,UgzPus4WLc1W_0Cn1A54AaABAg.9EuPop40X_l9ExWeBPS7qa,@jocoding,오 다행입니다ㅎㅎ Kim Jin님도 화이팅하세요 :),UgzPus4WLc1W_0Cn1A54AaABAg,3,5년 전,2025-11-26 17:44:08,2025-11-26 17:44:08,
yytWGELNeOI,UgzPus4WLc1W_0Cn1A54AaABAg.9EuPop40X_l9NGuLpNLl2b,@ygchoi2421,"패캠 믿고 거르세요,,, 그 정도 퀄리티 강의 널리고 널렸습니다,, 이런 유툽 강의 들으시거나,, 영어좀 되시면 린다라던지 그런 온라인 강의가 훨 나아요",UgzPus4WLc1W_0Cn1A54AaABAg,5,4년 전,2025-11-26 17:44:08,2025-11-26 17:44:08,
yytWGELNeOI,UgzPus4WLc1W_0Cn1A54AaABAg.9EuPop40X_l9QSVSFCrbcN,@룰루랄라-j3u,저두저두요...ㅠㅜ,UgzPus4WLc1W_0Cn1A54AaABAg,0,4년 전,2025-11-26 17:44:08,2025-11-26 17:44:08,
yytWGELNeOI,UgxT3JhXicGApB_Mg0F4AaABAg.9Gpa3SID8p29Gqj2WZ_Wsm,@jocoding,감사합니다!ㅎㅎ,UgxT3JhXicGApB_Mg0F4AaABAg,0,4년 전,2025-11-26 17:44:08,2025-11-26 17:44:08,
yytWGELNeOI,UgwPqh02-hZDtxvIsrB4AaABAg.9D2nlVZCXf49D3ILXR1xY2,@jocoding,재미있게 봐주셔서 감사합니다ㅎㅎ,UgwPqh02-hZDtxvIsrB4AaABAg,0,5년 전,2025-11-26 17:44:08,2025-11-26 17:44:08,
yytWGELNeOI,UgyeJsauq5DJOiFX_vN4AaABAg.9CeXtUzMXtl9CeigqA0YVP,@jocoding,감사합니다!ㅎㅎ 책들해밀님의 파이썬 공부 응원하겠습니다!,UgyeJsauq5DJOiFX_vN4AaABAg,1,5년 전,2025-11-26 17:44:08,2025-11-26 17:44:08,
yytWGELNeOI,UgwfzDA65QRDz14mqLx4AaABAg.9BrgBACoDOi9Bt00-FkOvk,@jocoding,오 그렇게 봐주셔서 감사합니다!ㅎㅎ,UgwfzDA65QRDz14mqLx4AaABAg,0,5년 전,2025-11-26 17:44:08,2025-11-26 17:44:08,
yytWGELNeOI,UgxujNIo9cJT7nWSzvB4AaABAg.9I288zf6Amg9I2qnMHTk0K,@jocoding,감사합니다!ㅎㅎ,UgxujNIo9cJT7nWSzvB4AaABAg,0,4년 전,2025-11-26 17:44:08,2025-11-26 17:44:08,
yytWGELNeOI,UgxbOO4koD888pRhbZh4AaABAg.9BtLKUB0HzR9Bu2gVnQIzJ,@jocoding,재미있게 봐주셔서 감사합니다ㅎㅎ 파이썬 공부 화이팅이에요!,UgxbOO4koD888pRhbZh4AaABAg,1,5년 전,2025-11-26 17:44:08,2025-11-26 17:44:08,
yytWGELNeOI,Ugwl2jhYzGUeOL1CuOp4AaABAg.9AcyZ0M4was9Ag-n3AOHBw,@jocoding,저도 봐주셔서 감사드립니다!ㅎㅎ,Ugwl2jhYzGUeOL1CuOp4AaABAg,1,5년 전,2025-11-26 17:44:08,2025-11-26 17:44:08,
yytWGELNeOI,Ugw9-NbGLbXU31DNXJV4AaABAg.9AXd0bW9RAc9Ab2fgc7wgQ,@jocoding,감사합니다! 공부 화이팅입니다ㅎㅎ,Ugw9-NbGLbXU31DNXJV4AaABAg,0,5년 전,2025-11-26 17:44:08,2025-11-26 17:44:08,
yytWGELNeOI,Ugw9-NbGLbXU31DNXJV4AaABAg.9AXd0bW9RAc9Py8YtQgVL2,@K_UncleJohn7,율님 채널가봤는데 근사하네요. 좀있다 구독하러갈게요.. 공장 나갑니다.,Ugw9-NbGLbXU31DNXJV4AaABAg,0,4년 전,2025-11-26 17:44:08,2025-11-26 17:44:08,
yytWGELNeOI,Ugxci1o2afphFFCvN3l4AaABAg.9AXRyg7SZOz9Ab1y9VHKdo,@jocoding,시청해주셔서 감사합니다ㅎㅎ,Ugxci1o2afphFFCvN3l4AaABAg,1,5년 전,2025-11-26 17:44:08,2025-11-26 17:44:08,
yytWGELNeOI,UgxCcQVpSSxLNJA_ekV4AaABAg.9GmL4Q_MTiN9GqlToNvvD7,@jocoding,좋게 봐주셔서 감사합니다ㅎㅎ,UgxCcQVpSSxLNJA_ekV4AaABAg,0,4년 전,2025-11-26 17:44:08,2025-11-26 17:44:08,
yytWGELNeOI,UgxOTaLQ0bKPZNuN0Zx4AaABAg.9Bp8WqhLBlk9BrUcTfPsae,@jocoding,좋게 봐주셔서 감사합니다ㅎㅎ 라이브하게되면 놀러오세요! :),UgxOTaLQ0bKPZNuN0Zx4AaABAg,3,5년 전,2025-11-26 17:44:08,2025-11-26 17:44:08,
yytWGELNeOI,UgxM8e1_rSJlhSPwOER4AaABAg.9Kf_mLUQqdH9KhhNBlZAla,@jocoding,좋게 봐주셔서 감사합니다!ㅎㅎ,UgxM8e1_rSJlhSPwOER4AaABAg,0,4년 전,2025-11-26 17:44:08,2025-11-26 17:44:08,
yytWGELNeOI,UgyRs02FFkMa0rfiuud4AaABAg.9Rv4DSjtysA9RxG_md_vx1,@jocoding,감사합니다ㅎㅎ,UgyRs02FFkMa0rfiuud4AaABAg,0,4년 전,2025-11-26 17:44:08,2025-11-26 17:44:08,
yytWGELNeOI,Ugz1xNhBLcC05b4Wfkt4AaABAg.9Hrnlkod2DX9I38AeJAh8s,@jocoding,오 좋게 봐주셔서 감사합니다ㅎㅎ 코딩 공부 응원합니다!,Ugz1xNhBLcC05b4Wfkt4AaABAg,0,4년 전,2025-11-26 17:44:08,2025-11-26 17:44:08,
yytWGELNeOI,Ugz8A6vPQ0hgk-0A7JR4AaABAg.9AXQ2YSwQ3F9AXRenze2ho,@jocoding,오 감사합니다ㅎㅎ 일요일에 또 뵐게요!,Ugz8A6vPQ0hgk-0A7JR4AaABAg,0,5년 전,2025-11-26 17:44:08,2025-11-26 17:44:08,
yytWGELNeOI,UgxfIBz9JQbz-SipFYR4AaABAg.9AtnLWogps19AwLHMQLu8l,@jocoding,좋게 봐주셔서 감사드립니다!ㅎㅎ 앞으로 더 유익한 강의 준비하겠습니다 :),UgxfIBz9JQbz-SipFYR4AaABAg,0,5년 전,2025-11-26 17:44:08,2025-11-26 17:44:08,
yytWGELNeOI,Ugw-nHvjOjZGoBJqGOt4AaABAg.9AYhvijuKig9Ab2xaqM4dR,@jocoding,좋게 봐주셔서 감사드립니다! 더 열심히 만들어볼게요 :),Ugw-nHvjOjZGoBJqGOt4AaABAg,1,5년 전,2025-11-26 17:44:08,2025-11-26 17:44:08,
yytWGELNeOI,Ugw-nHvjOjZGoBJqGOt4AaABAg.9AYhvijuKig9AnAyG2Ipuy,@알차형, @jocoding  넵!,Ugw-nHvjOjZGoBJqGOt4AaABAg,1,5년 전,2025-11-26 17:44:08,2025-11-26 17:44:08,
yytWGELNeOI,Ugw-nHvjOjZGoBJqGOt4AaABAg.9AYhvijuKig9AnB-tfIGB6,@알차형, @jocoding  넹!,Ugw-nHvjOjZGoBJqGOt4AaABAg,1,5년 전,2025-11-26 17:44:08,2025-11-26 17:44:08,
yytWGELNeOI,Ugxw3R5TMQZUhtGFv2N4AaABAg.9S3kWSEuMwp9S4ASrWeGpD,@jocoding,좋은 말씀 감사합니다!ㅎㅎ,Ugxw3R5TMQZUhtGFv2N4AaABAg,0,4년 전,2025-11-26 17:44:08,2025-11-26 17:44:08,
yytWGELNeOI,Ugy4faiq_zxitrZOjm14AaABAg.9MQrdYySpp_9MWsUE5Ptrz,@jocoding,좋게 봐주셔서 감사합니다ㅎㅎ,Ugy4faiq_zxitrZOjm14AaABAg,0,4년 전,2025-11-26 17:44:08,2025-11-26 17:44:08,
yytWGELNeOI,Ugy-fJpVvuJYJovu6rh4AaABAg.9W36JcTpq-d9WOt8lvOOT2,@jocoding,좋게 봐주셔서 감사합니다!ㅎㅎ,Ugy-fJpVvuJYJovu6rh4AaABAg,0,3년 전,2025-11-26 17:44:08,2025-11-26 17:44:08,
yytWGELNeOI,UgxBn0iZYNw4HDaTkh94AaABAg.9AnVe8fl4s_9AoHycrUFrU,@jocoding,좋게 봐주시고 구독과 좋아요 감사합니다!ㅎㅎ 더 유익한 영상 많이 올리겠습니다 :),UgxBn0iZYNw4HDaTkh94AaABAg,0,5년 전,2025-11-26 17:44:08,2025-11-26 17:44:08,
yytWGELNeOI,UgzUieCqWtttDhlluDt4AaABAg.9CdHzwfHOCn9CeQ9ZiKgZo,@jocoding,오 좋게 봐주셔서 감사합니다!ㅎㅎ,UgzUieCqWtttDhlluDt4AaABAg,0,5년 전,2025-11-26 17:44:08,2025-11-26 17:44:08,
yytWGELNeOI,UgwTsSl3kZ6aefCobdh4AaABAg.9S3jDuhLBwp9S4ARzGXs5-,@jocoding,응원 감사합니다!ㅎㅎ 앞으로도 좋은 영상 많이 올리겠습니다!,UgwTsSl3kZ6aefCobdh4AaABAg,0,4년 전,2025-11-26 17:44:08,2025-11-26 17:44:08,
yytWGELNeOI,UgwTsSl3kZ6aefCobdh4AaABAg.9S3jDuhLBwp9dXmo6AE325,@cuy4577,혹시 고려대학교 홍준기인가요,UgwTsSl3kZ6aefCobdh4AaABAg,0,3년 전,2025-11-26 17:44:08,2025-11-26 17:44:08,
yytWGELNeOI,Ugz0RRaEA5sibcieGmZ4AaABAg.9DKH6iCb0TO9DKQv6CbnHv,@jocoding,감사합니다! 파이썬 마스터 화이팅입니다!!,Ugz0RRaEA5sibcieGmZ4AaABAg,2,5년 전,2025-11-26 17:44:08,2025-11-26 17:44:08,
